"id","name","unit","typical_size","category","search_term","notes","source"
"honeycrisp-apples","Honeycrisp Apples","lb","lb","Fruit","honeycrisp apples","Fresh Honeycrisp variety only, loose or bagged, normalized per lb. Generic 'apples' board item stays the cheapest-variety catch-all. Must NOT match other varieties (Gala, Fuji, Granny Smith, Red Delicious), apple juice, cider, applesauce, dried apple chips, or caramel/candy apples.","agent-1.json"
"granny-smith-apples","Granny Smith Apples","lb","lb","Fruit","granny smith apples","Fresh Granny Smith (green baking apple) only, per lb. Exclude all other apple varieties, apple juice/cider, applesauce, pie filling, dried apples, candy apples.","agent-1.json"
"gala-apples","Gala Apples","lb","lb","Fruit","gala apples","Fresh Gala variety only, loose or 3 lb bag normalized per lb. Exclude other varieties, juice, cider, applesauce, dried apples. Weekly ads price Gala separately from Honeycrisp/Granny Smith.","agent-1.json"
"fuji-apples","Fuji Apples","lb","lb","Fruit","fuji apples","Fresh Fuji variety only, per lb. Exclude other apple varieties, juice, applesauce, dried apples, Fuji film or any non-produce 'fuji' hits.","agent-1.json"
"red-delicious-apples","Red Delicious Apples","lb","lb","Fruit","red delicious apples","Fresh Red Delicious variety only, per lb. Exclude other varieties, juice, applesauce, dried apples. Must not match generic 'red apples' phrases pointing at other varieties.","agent-1.json"
"bartlett-pears","Bartlett Pears","lb","lb","Fruit","bartlett pears","Fresh Bartlett variety only, per lb. Generic 'pears' board item remains the cheapest-pear catch-all (Anjou/Bosc/red stay there). Exclude canned pears, pear juice, pear cups, baby food.","agent-1.json"
"asian-pears","Asian Pears","each","1 each","Fruit","asian pear","Fresh Asian/apple pears sold by count. Distinct item from regular pears (existing 'pears' item) and Bartlett. Exclude canned pears, pear juice.","agent-1.json"
"nectarines","Nectarines","lb","lb","Fruit","nectarines","Fresh yellow or white nectarines per lb. Exclude peaches (existing item), canned or frozen fruit, fruit cups, juice.","agent-1.json"
"apricots","Apricots","lb","lb","Fruit","fresh apricots","Fresh apricots per lb (seasonal). Must NOT match dried apricots, canned apricots, apricot preserves/jam (existing jelly item), apricot nectar, or baby food.","agent-1.json"
"pomegranates","Pomegranate","each","1 each","Fruit","pomegranate","Whole fresh pomegranate sold by count. Exclude pomegranate juice (POM), aril cups, sparkling drinks, dried arils, and 'pomegranate flavored' anything.","agent-1.json"
"papaya","Papaya","each","1 each","Fruit","papaya","Whole fresh papaya (Red/Maradol or Solo) by count; if a store prices per lb, normalize. Exclude dried papaya spears, papaya juice/nectar, fruit cups.","agent-1.json"
"fresh-cranberries","Fresh Cranberries","oz","12 oz bag","Fruit","fresh cranberries","Fresh whole cranberries in 12 oz bags (fall/holiday season). Must NOT match cranberry juice (existing item), dried cranberries/Craisins (separate candidate), canned cranberry sauce, or trail mixes.","agent-1.json"
"plantains","Plantains","each","1 each","Fruit","plantains","Fresh green or yellow plantains sold by count. Exclude bananas (existing item), plantain chips (snack aisle), frozen sweet plantains.","agent-1.json"
"coconut","Whole Coconut","each","1 each","Fruit","whole coconut","Whole fresh coconut in the produce section. Must NOT match coconut oil (existing item), coconut milk/cream/water, shredded or flaked baking coconut, coconut-flavored products.","agent-1.json"
"medjool-dates","Medjool Dates","oz","16 oz tub","Fruit","medjool dates","Whole Medjool (or pitted) dates sold in produce-section tubs/bags, normalized per oz. Exclude date syrup, date-filled bars/rolls, chopped baking dates only if brand-flavored, and fig products.","agent-1.json"
"cara-cara-oranges","Cara Cara Oranges","lb","lb","Fruit","cara cara oranges","Cara Cara pink navel oranges only, loose or 3 lb bag normalized per lb. Generic 'oranges' item keeps regular navels; clementines/mandarins have their own item. Exclude orange juice and mandarin cups.","agent-1.json"
"honey-mangoes","Honey (Ataulfo) Mangoes","each","1 each","Fruit","honey mango","Honey/Ataulfo/champagne mangoes sold by count. Regular Tommy Atkins mangoes stay on the existing 'mangoes' item. Exclude dried mango, frozen mango chunks, mango juice/nectar, fruit cups.","agent-1.json"
"rainier-cherries","Rainier Cherries","lb","lb","Fruit","rainier cherries","Fresh Rainier (yellow/red) cherries per lb, summer seasonal, priced well above dark sweet cherries. Existing 'cherries' item keeps dark sweet. Exclude maraschino, frozen, dried cherries, pie filling, juice.","agent-1.json"
"red-seedless-grapes","Red Seedless Grapes","lb","lb","Fruit","red seedless grapes","Fresh red seedless table grapes per lb. Generic 'grapes' item stays the cheapest-color catch-all. Must NOT match green/black grapes, cotton candy grapes, grape juice (existing), grape jelly, raisins, grape tomatoes, frozen grapes.","agent-1.json"
"green-seedless-grapes","Green Seedless Grapes","lb","lb","Fruit","green seedless grapes","Fresh green seedless table grapes per lb. Must NOT match red/black grapes, cotton candy grapes, grape juice/jelly, raisins, grape tomatoes, frozen grapes.","agent-1.json"
"dried-cranberries","Dried Cranberries","oz","6 oz","Fruit","dried cranberries","Sweetened dried cranberries (Craisins or store brand), plain original flavor, per oz. Exclude fresh cranberries (separate candidate), cranberry juice (existing), cranberry sauce, trail mix blends, flavored/infused varieties preferred out.","agent-1.json"
"prunes","Prunes / Dried Plums","oz","16 oz","Fruit","prunes","Pitted prunes/dried plums (Sunsweet or store brand) per oz. Must NOT match fresh plums (existing item), prune juice, baby food prunes, or raisins (existing item).","agent-1.json"
"red-onions","Red Onions","lb","lb","Vegetables","red onions","Fresh red onions, loose or bagged, per lb. Existing 'onions' item covers only yellow/sweet. Exclude white onions (separate candidate), green onions (existing), pearl onions, pickled red onions, onion powder (existing).","agent-1.json"
"white-onions","White Onions","lb","lb","Vegetables","white onions","Fresh white onions per lb (Mexican-cooking staple SKU, priced separately from yellow). Exclude yellow/sweet onions (existing item), red onions, green onions, pearl onions, onion powder/dried minced onion.","agent-1.json"
"shallots","Shallots","lb","lb","Vegetables","shallots","Fresh shallots, loose per lb or small net bag normalized. Exclude green onions/scallions (existing item), regular onions, dried/fried shallot toppings.","agent-1.json"
"yukon-gold-potatoes","Yellow / Yukon Gold Potatoes","lb","5 lb bag","Vegetables","yukon gold potatoes","Fresh yellow/gold/Yukon Gold potatoes, loose or 5 lb bag normalized per lb. Russet and red potatoes are existing items. Exclude sweet potatoes (existing), baby/petite medley packs, instant mashed (existing), frozen potato products.","agent-1.json"
"roma-tomatoes","Roma Tomatoes","lb","lb","Vegetables","roma tomatoes","Fresh Roma/plum tomatoes per lb. Existing 'tomatoes' item keeps slicing/on-the-vine. Must NOT match canned diced/crushed/whole tomatoes (existing items), tomato sauce/paste, grape/cherry tomatoes, sun-dried tomatoes.","agent-1.json"
"grape-tomatoes","Grape / Cherry Tomatoes","oz","10 oz","Vegetables","grape tomatoes","Fresh grape or cherry tomatoes in pint/10-16 oz clamshells, normalized per oz. Exclude slicing and Roma tomatoes, canned tomatoes, sun-dried tomatoes; and never match table grapes, grape juice, or grape jelly.","agent-1.json"
"campari-tomatoes","Campari / Cocktail Tomatoes","oz","16 oz","Vegetables","campari tomatoes","Cocktail-size on-the-vine tomatoes (Campari type) in 1 lb packs, per oz. Exclude grape/cherry tomatoes (separate candidate), slicing tomatoes, canned tomatoes, and Campari the liquor.","agent-1.json"
"red-bell-peppers","Red Bell Peppers","each","1 each","Vegetables","red bell pepper","Fresh red bell peppers by count (multi-packs normalized per pepper). Existing 'bell-peppers' item stays the cheapest/green catch-all. Exclude green/yellow/orange bells, mini sweet peppers (separate candidate), jarred roasted red peppers, red pepper flakes (existing).","agent-1.json"
"mini-sweet-peppers","Mini Sweet Peppers","oz","16 oz bag","Vegetables","mini sweet peppers","Bagged mini sweet snacking peppers (red/yellow/orange mix), typically 1 lb, per oz. Exclude full-size bell peppers, jalapenos (existing), pickled peppers, pepper-flavored snacks.","agent-1.json"
"poblano-peppers","Poblano Peppers","lb","lb","Vegetables","poblano peppers","Fresh poblano peppers per lb (some stores label them pasilla). Exclude dried ancho/pasilla pods, canned diced green chiles, jalapenos (existing item), stuffed prepared peppers.","agent-1.json"
"serrano-peppers","Serrano Peppers","lb","lb","Vegetables","serrano peppers","Fresh serrano chile peppers per lb. Exclude jalapenos (existing item), canned/pickled serranos, hot sauce (existing item), salsa.","agent-1.json"
"anaheim-peppers","Anaheim Peppers","lb","lb","Vegetables","anaheim peppers","Fresh Anaheim/long green chiles per lb (includes fresh Hatch-type in season). Must NOT match canned diced green chiles, dried chile pods, jalapenos, poblanos.","agent-1.json"
"habanero-peppers","Habanero Peppers","lb","lb","Vegetables","habanero peppers","Fresh habanero peppers per lb (some stores price per each or small clamshell; normalize). Exclude habanero hot sauce, salsa, cheese or snacks with 'habanero' flavoring.","agent-1.json"
"tomatillos","Tomatillos","lb","lb","Vegetables","tomatillos","Fresh husked tomatillos per lb. Must NOT match salsa verde (existing salsa item), canned tomatillos, green enchilada sauce, or regular tomatoes.","agent-1.json"
"eggplant","Eggplant","each","1 each","Vegetables","eggplant","Fresh whole globe eggplant by count (per-lb stores normalized). Exclude frozen eggplant parmesan/entrees, baba ganoush, breaded eggplant cutlets, Chinese/graffiti specialty types optional but fine if cheapest.","agent-1.json"
"beets","Beets (fresh)","lb","lb","Vegetables","fresh beets","Fresh red beets, loose or bunched with greens, per lb. Must NOT match canned or pickled beets, beet juice, cooked ready-to-eat vacuum-packed beets, or sugar beet products.","agent-1.json"
"turnips","Turnips","lb","lb","Vegetables","turnips","Fresh purple-top turnip roots per lb. Exclude turnip greens (separate candidate), rutabagas (separate candidate), canned turnip greens.","agent-1.json"
"parsnips","Parsnips","lb","lb","Vegetables","parsnips","Fresh parsnips, loose or 1 lb bag, per lb. Exclude carrots (existing item), turnips, frozen root vegetable medleys.","agent-1.json"
"rutabagas","Rutabagas","lb","lb","Vegetables","rutabaga","Fresh waxed rutabagas per lb. Exclude turnips (separate candidate), frozen mashed root products.","agent-1.json"
"leeks","Leeks","each","1 bunch","Vegetables","leeks","Fresh leeks sold per stalk or bunch. Exclude green onions/scallions (existing item), dried leek soup mix, frozen soup blends.","agent-1.json"
"collard-greens","Collard Greens (bunch)","each","1 bunch","Vegetables","collard greens","Fresh collard greens by the bunch (bagged chopped fresh collards acceptable if cheapest, normalized). Must NOT match canned seasoned collards (Glory), frozen collards, kale (existing item).","agent-1.json"
"mustard-greens","Mustard Greens (bunch)","each","1 bunch","Vegetables","mustard greens","Fresh mustard greens by the bunch. CRITICAL: must NOT match yellow mustard condiment (existing 'mustard' item), Dijon/spicy brown mustard, mustard seed spice, or canned mustard greens.","agent-1.json"
"turnip-greens","Turnip Greens (bunch)","each","1 bunch","Vegetables","turnip greens","Fresh turnip greens by the bunch. Exclude turnip roots (separate candidate), canned/frozen turnip greens, collard or mustard greens.","agent-1.json"
"swiss-chard","Swiss Chard (bunch)","each","1 bunch","Vegetables","swiss chard","Fresh green or rainbow chard by the bunch. Exclude kale (existing), spinach (existing), spring mix blends.","agent-1.json"
"red-cabbage","Red Cabbage","lb","lb","Vegetables","red cabbage","Fresh whole red/purple cabbage per lb. Existing 'cabbage' item is green only. Exclude coleslaw mix (separate candidate), sauerkraut, pickled red cabbage jars.","agent-1.json"
"napa-cabbage","Napa Cabbage","lb","lb","Vegetables","napa cabbage","Fresh napa (Chinese) cabbage per lb. Exclude green/red cabbage, kimchi (refrigerated jars), bok choy (separate candidate).","agent-1.json"
"bok-choy","Bok Choy","lb","lb","Vegetables","bok choy","Fresh bok choy or baby bok choy per lb (per-each stores normalized). Exclude napa cabbage (separate candidate), frozen stir-fry blends, prepared Asian salad kits.","agent-1.json"
"butternut-squash","Butternut Squash","lb","lb","Vegetables","butternut squash","Whole fresh butternut squash per lb. Must NOT match pre-cut cubed butternut (pricier convenience SKU), frozen butternut, butternut squash soup, ravioli, or baby food.","agent-1.json"
"acorn-squash","Acorn Squash","lb","lb","Vegetables","acorn squash","Whole fresh acorn squash per lb (per-each pricing normalized). Exclude butternut/spaghetti squash (separate candidates), zucchini/yellow squash (existing item), frozen squash.","agent-1.json"
"spaghetti-squash","Spaghetti Squash","lb","lb","Vegetables","spaghetti squash","Whole fresh spaghetti squash per lb. CRITICAL: must NOT match spaghetti pasta (existing 'pasta' item), spaghetti sauce, canned spaghetti (SpaghettiOs), or other squash types.","agent-1.json"
"sugar-snap-peas","Sugar Snap Peas","oz","8 oz","Vegetables","sugar snap peas","Fresh sugar snap peas in 8-16 oz packs, per oz. Exclude snow peas (separate candidate), frozen peas (existing), canned peas (existing), snap pea crisps snack, split peas.","agent-1.json"
"snow-peas","Snow Peas","oz","6 oz","Vegetables","snow peas","Fresh snow pea pods in 6-8 oz packs, per oz. Exclude sugar snap peas (separate candidate), frozen/canned peas, stir-fry veggie blends.","agent-1.json"
"portobello-mushrooms","Portobello Mushroom Caps","oz","6 oz","Vegetables","portobello mushroom caps","Large portabella/portobello caps (typically 2-ct, 6 oz), per oz. Existing 'mushrooms' item covers white button and baby bella/cremini. Exclude sliced baby bellas, canned mushrooms (existing), stuffed prepared mushrooms.","agent-1.json"
"baby-carrots","Baby Carrots","oz","16 oz bag","Vegetables","baby carrots","Peeled baby-cut carrots in 1-2 lb bags, per oz. Whole/bunch carrots are the existing 'carrots' item. Exclude matchstick/shredded carrots, canned/frozen carrots, carrot juice, carrot cake, baby food.","agent-1.json"
"romaine-lettuce","Romaine Lettuce / Hearts","each","3 ct hearts","Vegetables","romaine hearts","Romaine hearts 3-ct pack or whole romaine head. Existing 'lettuce' item stays iceberg/head. Exclude bagged chopped romaine salads, caesar kits (separate candidate), leaf lettuce.","agent-1.json"
"green-leaf-lettuce","Green / Red Leaf Lettuce","each","1 head","Vegetables","green leaf lettuce","Fresh green or red leaf lettuce heads. Must NOT match iceberg (existing 'lettuce' item), romaine (separate candidate), butter lettuce (separate candidate), or bagged salad blends.","agent-1.json"
"butter-lettuce","Butter Lettuce (living)","each","1 head","Vegetables","butter lettuce","Butter/Bibb/Boston lettuce, often hydroponic living lettuce clamshell. CRITICAL: must NOT match dairy butter (existing 'butter' item), peanut butter, or other lettuce types.","agent-1.json"
"spring-mix","Spring Mix Salad Greens","oz","5 oz","Vegetables","spring mix","Bagged/clamshell spring mix or 50/50 blend, per oz. Exclude spinach-only packs (existing 'spinach' item), arugula-only (separate candidate), salad kits with dressing, iceberg garden blends (separate candidate).","agent-1.json"
"arugula","Arugula","oz","5 oz","Vegetables","arugula","Bagged/clamshell baby arugula, per oz. Exclude spring mix blends that merely contain arugula, spinach, salad kits.","agent-1.json"
"garden-salad","Garden Salad Blend (bagged)","oz","12 oz bag","Vegetables","garden salad bag","Classic iceberg-based garden salad bag (iceberg, carrots, red cabbage), per oz. Exclude salad kits with dressing/toppings (separate candidate), spring mix, coleslaw mix, shredded lettuce only.","agent-1.json"
"caesar-salad-kit","Caesar Salad Kit","oz","10 oz kit","Vegetables","caesar salad kit","Complete caesar salad kit (greens + dressing + croutons), per oz. Exclude plain romaine hearts (separate candidate), bottled caesar dressing alone, crouton bags, chopped-salad kits of other flavors acceptable only if labeled caesar.","agent-1.json"
"coleslaw-mix","Coleslaw Mix","oz","14 oz bag","Vegetables","coleslaw mix","Bagged shredded cabbage/carrot slaw mix (classic or tri-color), per oz. Must NOT match prepared deli coleslaw with dressing, coleslaw dressing bottles, broccoli slaw, whole cabbage.","agent-1.json"
"fresh-stir-fry-blend","Stir-Fry Vegetable Blend (fresh)","oz","12 oz bag","Vegetables","fresh stir fry vegetables","Refrigerated fresh stir-fry vegetable mix (produce section), per oz. Must NOT match frozen stir-fry vegetables (existing 'frozen-vegetables' item), noodle/sauce meal kits, canned water chestnuts.","agent-1.json"
"english-cucumbers","English / Hothouse Cucumber","each","1 each","Vegetables","english cucumber","Shrink-wrapped English/hothouse seedless cucumbers by count. Regular slicing cucumbers are the existing 'cucumbers' item. Exclude mini/Persian cucumbers (separate candidate), pickles (existing item).","agent-1.json"
"mini-cucumbers","Mini / Persian Cucumbers","oz","16 oz bag","Vegetables","mini cucumbers","Bagged mini/Persian seedless cucumbers (typically 1 lb or 6-ct), per oz. Exclude slicing cucumbers (existing), English hothouse (separate candidate), pickles and pickle spears.","agent-1.json"
"pickling-cucumbers","Pickling Cucumbers","lb","lb","Vegetables","pickling cucumbers","Fresh pickling/Kirby cucumbers per lb (summer canning season staple). Must NOT match jarred dill pickles (existing 'pickles' item), relish (existing), slicing or mini cucumbers.","agent-1.json"
"bean-sprouts","Fresh Bean Sprouts","oz","12 oz","Vegetables","bean sprouts","Fresh refrigerated mung bean sprouts, per oz. CRITICAL: must NOT match Brussels sprouts (existing item), canned bean sprouts (La Choy), alfalfa sprouts, sprouted grain bread.","agent-1.json"
"broccolini","Broccolini / Baby Broccoli","each","1 bunch","Vegetables","broccolini","Fresh broccolini/baby broccoli bunches. Must NOT match regular broccoli crowns or bunches (existing 'broccoli' item), frozen broccoli (existing), broccoli slaw. Watch substring overlap: 'broccolini' contains 'broccoli'.","agent-1.json"
"fennel","Fennel Bulb","each","1 each","Vegetables","fennel bulb","Fresh fennel/anise bulb by count. Exclude fennel seed (spice aisle), fennel tea, sausage seasoned with fennel.","agent-1.json"
"chayote","Chayote Squash","each","1 each","Vegetables","chayote","Fresh chayote squash by count (standard at Omaha Walmart/Baker's/Family Fare). Exclude zucchini/yellow squash (existing item), winter squash candidates.","agent-1.json"
"yuca-root","Yuca / Cassava Root","lb","lb","Vegetables","yuca root","Fresh waxed yuca (cassava) root per lb. Exclude frozen yuca, cassava flour, yuca/cassava chips, taro.","agent-1.json"
"jicama","Jicama","lb","lb","Vegetables","jicama","Fresh whole jicama root per lb. Exclude pre-cut jicama sticks with chile/lime seasoning, jicama chips.","agent-1.json"
"okra","Fresh Okra","lb","lb","Vegetables","fresh okra","Fresh whole okra pods per lb. Must NOT match frozen breaded okra, frozen cut okra, pickled okra jars, canned okra & tomatoes.","agent-1.json"
"artichokes","Artichokes","each","1 each","Vegetables","artichokes","Fresh whole globe artichokes by count. Must NOT match canned/jarred artichoke hearts, marinated artichokes, spinach-artichoke dip, frozen artichoke hearts.","agent-1.json"
"rhubarb","Fresh Rhubarb","lb","lb","Vegetables","fresh rhubarb","Fresh rhubarb stalks per lb (spring/summer Midwest staple). Exclude frozen rhubarb, strawberry-rhubarb pie/jam/yogurt.","agent-1.json"
"pie-pumpkins","Pie Pumpkins","each","1 each","Vegetables","pie pumpkin","Small sugar/pie pumpkins by count (fall seasonal). Must NOT match large carving/jack-o-lantern pumpkins, canned pumpkin, pumpkin pie (bakery), pumpkin spice flavored products.","agent-1.json"
"fresh-basil","Fresh Basil","oz","0.75 oz","Vegetables","fresh basil","Fresh basil clamshell/pack (0.5-2 oz) or living basil plant if that is the store's standard SKU, per oz. Exclude dried basil (spice aisle), pesto sauce, basil seeds.","agent-1.json"
"fresh-parsley","Fresh Parsley (bunch)","each","1 bunch","Vegetables","fresh parsley","Fresh curly or Italian flat-leaf parsley by the bunch. Must NOT match dried parsley (existing 'dried-parsley' item) or cilantro (existing item).","agent-1.json"
"fresh-dill","Fresh Dill","oz","0.75 oz","Vegetables","fresh dill","Fresh dill herb pack or bunch, per oz. CRITICAL: must NOT match dill pickles (existing 'pickles' item), dill dip, dried dill weed, ranch 'with dill' products.","agent-1.json"
"fresh-rosemary","Fresh Rosemary","oz","0.75 oz","Vegetables","fresh rosemary","Fresh rosemary herb pack, per oz. Exclude dried rosemary (spice aisle), rosemary crackers/bread, rosemary-scented household items.","agent-1.json"
"fresh-thyme","Fresh Thyme","oz","0.75 oz","Vegetables","fresh thyme","Fresh thyme herb pack, per oz. Exclude dried thyme (spice aisle) and seasoning blends.","agent-1.json"
"fresh-mint","Fresh Mint","oz","0.75 oz","Vegetables","fresh mint","Fresh mint herb pack or bunch, per oz. Must NOT match mint candy/gum, mint chocolate, peppermint extract, mint tea, or toothpaste.","agent-1.json"
"fresh-chives","Fresh Chives","oz","0.75 oz","Vegetables","fresh chives","Fresh chives herb pack, per oz. Must NOT match dried/freeze-dried chives, sour cream & chives dip or chips, cream cheese with chives.","agent-1.json"
"ny-strip-steak","New York Strip Steak","lb","1 lb pkg (1-2 steaks)","Meat & Poultry","new york strip steak","Beef NY strip / Kansas City strip / top loin steak, bone-in or boneless. Must NOT match strip-steak sandwich kits, pork loin strips, chicken strips, jerky, frozen meals, or seasoned/marinated value-added packs.","agent-2.json"
"t-bone-steak","T-Bone / Porterhouse Steak","lb","1.25 lb steak","Meat & Poultry","t-bone steak","Beef T-bone or porterhouse steak, fresh. Must NOT match pork t-bone chops, dog treats/bones, frozen dinners, or steak sauce.","agent-2.json"
"filet-mignon","Filet Mignon / Beef Tenderloin Steak","lb","8 oz (2 x 4 oz filets)","Meat & Poultry","filet mignon beef tenderloin steak","Beef tenderloin filet steaks or tenderloin roast portion. Must NOT match pork tenderloin (separate existing item), fish fillets, bacon-wrapped prepared entrees, or 'filet' fish products.","agent-2.json"
"flank-steak","Flank Steak","lb","1.5 lb","Meat & Poultry","beef flank steak","Fresh beef flank steak. Must NOT match marinated fajita kits, pre-cooked carne asada meals, or London broil labels (those map to round steak).","agent-2.json"
"skirt-steak","Skirt Steak","lb","1 lb","Meat & Poultry","beef skirt steak","Fresh beef skirt steak (inside or outside), plain. Must NOT match pre-marinated/seasoned fajita meat, cooked strips, or frozen meal kits.","agent-2.json"
"flat-iron-steak","Flat Iron Steak","lb","1 lb","Meat & Poultry","flat iron steak","Beef flat iron (top blade) steak, fresh; regularly stocked at Aldi/Hy-Vee. Must NOT match flat-iron seasoned entrees, irons/housewares, or chuck roast.","agent-2.json"
"beef-brisket","Beef Brisket","lb","3-5 lb flat cut","Meat & Poultry","beef brisket","Fresh/raw beef brisket flat or point (whole packer at Sam's). Must NOT match corned beef brisket (separate candidate), pre-cooked/smoked BBQ brisket tubs, brisket sandwiches, or burnt-end prepared items.","agent-2.json"
"beef-stew-meat","Beef Stew Meat","lb","1 lb tray","Meat & Poultry","beef stew meat","Raw cubed beef for stew. Must NOT match canned beef stew (Dinty Moore), frozen stew meals, stew vegetables, dog food stew, or pork stew meat.","agent-2.json"
"beef-short-ribs","Beef Short Ribs","lb","2 lb tray","Meat & Poultry","beef short ribs","Bone-in or boneless beef short ribs / flanken style, raw. Must NOT match baby back or pork ribs (existing items), pre-cooked braised short rib entrees, or rib-flavored sauces.","agent-2.json"
"cube-steak","Cube Steak","lb","1 lb tray","Meat & Poultry","beef cube steak","Tenderized beef cube steak (minute steak), raw. Must NOT match breaded country-fried steak (frozen), pork cutlets, steak-umm sliced steaks (separate shaved-beef candidate), or bouillon cubes.","agent-2.json"
"beef-round-steak","Beef Round Steak","lb","1.5 lb","Meat & Poultry","beef round steak","Top/bottom round steak or London broil, raw. Must NOT match ground round (maps to ground beef), round roasts (separate rump-roast candidate), cube steak, or eye of round labels priced as roast.","agent-2.json"
"beef-rump-roast","Beef Rump / Bottom Round Roast","lb","3 lb roast","Meat & Poultry","beef bottom round rump roast","Bottom round, rump, or eye of round roast, raw. Must NOT match chuck roast (existing item), pot roast frozen meals, deli roast beef, or gravy/seasoning packets.","agent-2.json"
"sirloin-tip-roast","Sirloin Tip Roast","lb","3 lb roast","Meat & Poultry","sirloin tip roast","Beef sirloin tip (round tip) roast, raw. COLLISION FLAG: existing sirloin-steak matcher includes bare 'sirloin'; that entry must exclude 'tip' and 'roast'. Must NOT match sirloin steak, ground sirloin, or pork sirloin.","agent-2.json"
"shaved-beef","Shaved Beef / Sandwich Steaks","lb","1 lb tray (or 9 oz frozen)","Meat & Poultry","shaved beef sandwich steaks","Thin-shaved beef for philly cheesesteaks: fresh shaved steak trays or frozen wafer sandwich steaks (Steak-umm type). Must NOT match cheesesteak frozen meals/hot pockets, deli roast beef, or beef jerky.","agent-2.json"
"corned-beef-brisket","Corned Beef Brisket","lb","3 lb flat cut","Meat & Poultry","corned beef brisket","Raw cured corned beef brisket (point or flat, with spice packet). Must NOT match canned corned beef (separate candidate), corned beef hash, deli-sliced corned beef, or plain beef brisket.","agent-2.json"
"beef-liver","Beef Liver","lb","1 lb tray (sliced)","Meat & Poultry","beef liver sliced","Sliced beef liver, raw (fresh or frozen). Must NOT match liverwurst/braunschweiger (separate candidate), chicken livers (separate candidate), liver dog treats, pate, or liver-flavored pet food.","agent-2.json"
"beef-oxtail","Beef Oxtail","lb","2 lb tray","Meat & Poultry","beef oxtail","Raw beef oxtail pieces (stocked at Baker's/Family Fare). Must NOT match oxtail soup mix/seasoning, canned soup, or dog chews.","agent-2.json"
"beef-soup-bones","Beef Soup Bones / Shank","lb","1.5 lb tray","Meat & Poultry","beef soup bones shank","Raw beef soup bones, shank cross-cut, or marrow bones for cooking. Must NOT match dog bones/chews, broth/stock (existing item), or bouillon.","agent-2.json"
"beef-tongue","Beef Tongue","lb","2.5 lb","Meat & Poultry","beef tongue lengua","Whole raw beef tongue / res lengua (Hispanic meat case at Baker's/Family Fare/Walmart). Must NOT match tongue-shaped candy, pickled/canned tongue, or pet products.","agent-2.json"
"ground-bison","Ground Bison","lb","1 lb brick","Meat & Poultry","ground bison","Ground bison/buffalo 90%+ lean, 1-lb brick. Must NOT match bison jerky, bison burger patties in frozen meals, ground beef blends, or buffalo-style chicken products ('buffalo' sauce items).","agent-2.json"
"meatloaf-mix","Meatloaf Mix (Beef & Pork)","lb","1 lb tray","Meat & Poultry","meatloaf mix ground beef pork","Fresh ground beef+pork (sometimes veal) meatloaf blend tray. Must NOT match plain 80/20 ground beef (existing item), boxed meatloaf seasoning mix, breadcrumb kits, or prepared/frozen meatloaf entrees.","agent-2.json"
"pork-loin-roast","Pork Loin Roast (Whole/Half)","lb","4 lb boneless","Meat & Poultry","boneless pork loin roast","Whole or half boneless pork center loin roast. Must NOT match pork TENDERLOIN (existing separate item), pork chops cut from loin, marinated/seasoned loin filets, or pork shoulder.","agent-2.json"
"pork-spare-ribs","Pork Spare Ribs / St. Louis Ribs","lb","3.5 lb rack","Meat & Poultry","pork spare ribs st louis","Raw pork spareribs or St. Louis style cut rack. Must NOT match baby back ribs (existing item), beef ribs, pre-cooked/sauced rib tubs, riblet sandwiches, or BBQ sauce.","agent-2.json"
"country-style-ribs","Country-Style Pork Ribs","lb","2.5 lb tray","Meat & Poultry","country style pork ribs","Boneless or bone-in country-style pork ribs, raw. Must NOT match baby back/spare ribs, beef short ribs, country-fried steak, or pre-sauced cooked ribs.","agent-2.json"
"pork-steak","Pork Steak (Shoulder Steak)","lb","2 lb tray (2-3 steaks)","Meat & Poultry","pork shoulder steak","Sliced pork shoulder/blade steaks (Midwest 'pork steak'), raw. COLLISION FLAG: labels reading 'pork shoulder steak' can hit the existing pork-shoulder matcher; that entry should exclude 'steak'. Must NOT match pork chops (existing), ham steak, or whole shoulder roasts.","agent-2.json"
"pork-belly","Pork Belly","lb","2.5 lb slab","Meat & Poultry","pork belly","Fresh uncured pork belly, slab or sliced. Must NOT match bacon (existing item, cured/smoked), cured pork belly bites/burnt ends (pre-cooked), salt pork, or ramen kits mentioning pork belly.","agent-2.json"
"spiral-ham","Spiral / Half Ham (Bone-In)","lb","9 lb half ham","Meat & Poultry","spiral sliced half ham","Whole/half bone-in smoked ham, spiral-cut or shank/butt portion. Existing deli-ham matcher deliberately excludes 'spiral/whole/bone-in', so this slot is open. Must NOT match deli sliced ham (existing), ham steak (separate candidate), canned ham, or ham glaze packets.","agent-2.json"
"ham-steak","Ham Steak","oz","8 oz pkg","Meat & Poultry","ham steak","Packaged cured ham steak/slice (fixed weight, often bone-in center slice). Existing deli-ham matcher excludes 'steak', so open. Must NOT match deli sliced ham, spiral ham, diced ham cups, or pork steak.","agent-2.json"
"ham-hocks","Smoked Ham Hocks","lb","1.5 lb (2-3 ct)","Meat & Poultry","smoked ham hocks","Smoked pork hocks/shanks for beans and greens. Existing deli-ham matcher excludes 'hock', so open. Must NOT match fresh pork hocks mislabeled as roasts, dog bones, ham base/bouillon, or canned beans with ham.","agent-2.json"
"pork-neck-bones","Pork Neck Bones","lb","2 lb tray","Meat & Poultry","pork neck bones","Raw or smoked pork neck bones (budget staple at Baker's/Family Fare). Must NOT match beef soup bones (separate candidate), turkey necks, dog bones, or broth.","agent-2.json"
"pulled-pork-tub","Refrigerated Pulled Pork (Tub)","oz","16 oz tub","Meat & Poultry","pulled pork tub","Ready-to-heat refrigerated pulled pork in BBQ sauce (Lloyd's/Jack Daniel's/store brand). Existing pork-shoulder matcher excludes 'pulled', so open. Must NOT match raw pork shoulder, pulled chicken/beef tubs, canned pork, or frozen pulled-pork meals/sandwiches.","agent-2.json"
"canadian-bacon","Canadian Bacon","oz","6 oz pkg","Meat & Poultry","canadian bacon","Sliced Canadian-style back bacon rounds. Existing bacon matcher excludes 'canadian', so open. Must NOT match regular bacon, turkey bacon (existing), deli ham, pizza topping kits, or frozen breakfast sandwiches.","agent-2.json"
"chicken-tenderloins","Chicken Tenderloins (Fresh)","lb","1.5 lb tray","Meat & Poultry","fresh chicken tenderloins","Raw/uncooked chicken breast tenderloins. Existing chicken-breast matcher excludes 'tender', so open. Must NOT match breaded tenders/strips (fresh or frozen), cooked popcorn chicken, chicken fries, or canned chicken.","agent-2.json"
"ground-chicken","Ground Chicken","lb","1 lb tray","Meat & Poultry","ground chicken","Raw ground chicken (tray or chub). Must NOT match ground turkey (existing), ground beef, chicken burger patties, canned chicken, or chicken sausage.","agent-2.json"
"bone-in-chicken-breast","Bone-In Split Chicken Breast","lb","3 lb tray","Meat & Poultry","bone-in split chicken breast","Raw bone-in, skin-on split chicken breasts (much cheaper per lb than boneless). Existing chicken-breast matcher excludes 'bone-in' and 'split', so open. Must NOT match boneless skinless breast (existing), thighs/drumsticks (existing), or whole chicken.","agent-2.json"
"chicken-sausage","Chicken Sausage","oz","12 oz (4 links)","Meat & Poultry","chicken sausage links","Fully-cooked or fresh chicken sausage links (apple, spinach-feta, etc.). Existing kielbasa and breakfast-sausage matchers exclude 'chicken', so open. Must NOT match pork/turkey sausage, corn dogs, or frozen breakfast links labeled pork.","agent-2.json"
"chicken-livers","Chicken Livers","lb","1 lb tub","Meat & Poultry","chicken livers","Raw chicken livers (tub/tray, fresh or frozen). Must NOT match beef liver (separate candidate), liverwurst, pate, gizzards (separate candidate), or liver-flavor cat/dog food.","agent-2.json"
"chicken-gizzards","Chicken Gizzards","lb","1 lb tray","Meat & Poultry","chicken gizzards","Raw chicken gizzards (and gizzard/heart mixes). Must NOT match chicken livers (separate candidate), fried gizzard deli items, or pet treats.","agent-2.json"
"cornish-hens","Cornish Hens","each","1 hen (22-24 oz), often twin pack","Meat & Poultry","cornish game hens","Frozen whole Cornish game hens. Must NOT match whole chicken (existing item), rotisserie chicken, or chicken parts. If sold per lb, normalize to per-hen using stated weight.","agent-2.json"
"deli-fried-chicken","Deli Fried Chicken (8-Piece)","each","8-piece box","Meat & Poultry","deli fried chicken 8 piece","Hot deli case fried chicken, 8-piece dark/mixed box (Walmart/Hy-Vee/Baker's/Family Fare deli). Must NOT match rotisserie chicken (existing item), frozen fried chicken bags, chicken tenders by-the-pound, or restaurant items.","agent-2.json"
"whole-turkey","Whole Turkey (Frozen)","lb","12-16 lb bird","Meat & Poultry","whole frozen turkey","Whole frozen turkey (Butterball/Honeysuckle/store brand). Must NOT match turkey breast roast (separate candidate), ground turkey/turkey bacon/deli turkey (existing items), or cooked holiday meal bundles.","agent-2.json"
"turkey-breast-roast","Turkey Breast Roast (Bone-In/Netted)","lb","3 lb roast","Meat & Poultry","turkey breast roast","Raw bone-in turkey breast or boneless netted turkey breast roast (incl. Butterball roast in bag). Must NOT match deli sliced turkey (existing turkey-lunchmeat), smoked turkey deli chubs, ground turkey, or lunchmeat tubs.","agent-2.json"
"turkey-sausage","Turkey Sausage","oz","16 oz roll","Meat & Poultry","turkey breakfast sausage","Turkey breakfast sausage roll, links, or smoked turkey sausage rope. Existing breakfast-sausage and kielbasa matchers exclude 'turkey', so open. COLLISION FLAG: 'Italian turkey sausage' labels hit the existing italian-sausage matcher; keep those out. Must NOT match pork sausage or turkey franks.","agent-2.json"
"smoked-turkey-legs","Smoked Turkey Legs / Parts","lb","1.5 lb pkg","Meat & Poultry","smoked turkey legs","Smoked turkey drumsticks, wings, or necks (for greens/beans). Must NOT match fresh turkey parts, chicken drumsticks (existing chicken-thighs item), deli turkey, or turkey jerky.","agent-2.json"
"ground-lamb","Ground Lamb","lb","1 lb brick","Meat & Poultry","ground lamb","Raw ground lamb (Aldi/Walmart/Hy-Vee stock year-round). Must NOT match ground beef/turkey/pork (existing), lamb & rice dog food, or gyro meat cones (prepared).","agent-2.json"
"lamb-loin-chops","Lamb Loin Chops","lb","1 lb (4 chops)","Meat & Poultry","lamb loin chops","Raw lamb loin or shoulder chops. Must NOT match pork chops (existing), lamb-flavor pet food, frozen lamb entrees, or leg of lamb roasts.","agent-2.json"
"catfish-fillets","Catfish Fillets","lb","1 lb (fresh or IQF bag)","Meat & Poultry","catfish fillets","Raw catfish fillets or nuggets, fresh or plain frozen. Must NOT match breaded/battered catfish, cornmeal-coated kits, fish sticks (existing), or cat food.","agent-2.json"
"pollock-fillets","Pollock Fillets (Frozen)","lb","2 lb bag","Meat & Poultry","alaska pollock fillets frozen","Plain frozen wild Alaska pollock fillets. Must NOT match breaded/battered fillets, fish sticks (existing), imitation crab (made from pollock, separate candidate), or fish sandwich patties.","agent-2.json"
"swai-fillets","Swai Fillets (Frozen)","lb","2 lb bag","Meat & Poultry","swai fillets frozen","Plain frozen swai/basa fillets (budget white fish at Walmart/Family Fare). Must NOT match breaded fish, tilapia or cod (existing items), or seasoned/marinated fillets.","agent-2.json"
"haddock-fillets","Haddock Fillets (Frozen)","lb","1 lb box/bag","Meat & Poultry","haddock fillets frozen","Plain frozen wild haddock fillets. Must NOT match beer-battered/breaded haddock, cod (existing item), or frozen fish dinners.","agent-2.json"
"steelhead-trout","Steelhead Trout Fillets","lb","1 lb fillet","Meat & Poultry","steelhead trout fillet","Fresh or frozen steelhead/rainbow trout fillets (Aldi/Hy-Vee regulars). Must NOT match salmon (existing item, similar look), smoked trout, or canned fish.","agent-2.json"
"mahi-mahi","Mahi Mahi Fillets (Frozen)","lb","1 lb bag (portions)","Meat & Poultry","mahi mahi fillets frozen","Plain frozen mahi mahi portions. Must NOT match breaded fish, fish tacos kits, tilapia/cod (existing), or seasoned skillet meals.","agent-2.json"
"tuna-steaks","Ahi Tuna Steaks (Frozen)","lb","12 oz (2 x 6 oz)","Meat & Poultry","ahi tuna steaks frozen","Frozen yellowfin/ahi tuna steaks. Existing canned-tuna matcher excludes 'steak/fresh/ahi', so open. Must NOT match canned/pouched tuna (existing), tuna salad kits, sushi trays, or cat food.","agent-2.json"
"crab-legs","Snow Crab Legs","lb","1 lb cluster","Meat & Poultry","snow crab legs","Frozen/thawed snow or king crab leg clusters. Must NOT match imitation crab (separate candidate), canned crab (separate candidate), crab cakes, crab dip, or crab boil seasoning.","agent-2.json"
"lobster-tails","Lobster Tails","each","4 oz tail","Meat & Poultry","lobster tails frozen","Frozen raw lobster tails (Aldi/Hy-Vee/Sam's). Priced each; normalize per-lb listings using stated tail weight. Must NOT match lobster dip, lobster mac frozen meals, langostino, or imitation lobster.","agent-2.json"
"sea-scallops","Sea Scallops (Frozen)","lb","1 lb bag","Meat & Poultry","sea scallops frozen","Frozen raw sea or bay scallops, plain. Must NOT match breaded scallops, bacon-wrapped appetizers, imitation scallops, or scampi meal kits.","agent-2.json"
"imitation-crab","Imitation Crab (Surimi)","oz","8 oz pkg","Meat & Poultry","imitation crab meat","Refrigerated surimi imitation crab flakes/sticks/chunks. Must NOT match real crab legs or canned crab (separate candidates), seafood salad tubs, or sushi rolls.","agent-2.json"
"smoked-salmon","Smoked Salmon (Cold-Smoked/Lox)","oz","4 oz pkg","Meat & Poultry","smoked salmon lox","Refrigerated cold-smoked salmon/lox slices (Aldi/Hy-Vee/Sam's). Existing salmon matcher excludes 'smoked', so open. Must NOT match fresh salmon fillets (existing), canned salmon (existing), salmon dip/spread, or salmon jerky.","agent-2.json"
"pickled-herring","Pickled Herring","oz","12 oz jar","Meat & Poultry","pickled herring","Refrigerated jarred pickled herring in wine sauce or sour cream (Midwest dairy-case staple). Must NOT match sardines (separate candidate), kipper snacks, anchovies, or pickled vegetables.","agent-2.json"
"canned-sardines","Canned Sardines","oz","3.75 oz can","Meat & Poultry","canned sardines","Tinned sardines in oil/water/mustard. Must NOT match canned tuna/salmon (existing), anchovies, kipper herring snacks (close cousin, allow only if labeled sardines), or cat food tins.","agent-2.json"
"canned-mackerel","Canned Mackerel","oz","15 oz can","Meat & Poultry","canned mackerel","Canned jack mackerel (budget protein at Walmart/Baker's). Must NOT match canned tuna/salmon/sardines (covered elsewhere), fresh mackerel, or cat food.","agent-2.json"
"canned-clams","Canned Clams","oz","6.5 oz can","Meat & Poultry","canned chopped clams","Canned chopped/minced/whole baby clams and clam juice combos. Must NOT match clam chowder soup (existing tomato/chicken soups pattern; chowder is a soup), clam strips (frozen breaded), or clam dip.","agent-2.json"
"canned-oysters","Canned / Smoked Oysters","oz","3.75 oz tin","Meat & Poultry","smoked oysters tin","Tinned smoked or whole oysters. Must NOT match oyster crackers (existing crackers space), oyster sauce, fresh shucked oyster tubs, or oyster stew.","agent-2.json"
"canned-crab-meat","Canned Crab Meat","oz","6 oz can","Meat & Poultry","canned crab meat","Shelf-stable canned lump/white crab meat. Must NOT match imitation crab (separate candidate), refrigerated pasteurized crab tubs (allow if present), crab legs, crab cakes, or crab dip.","agent-2.json"
"deli-roast-beef","Roast Beef (Deli / Sliced)","oz","8 oz pkg / per-lb counter","Meat & Poultry","deli roast beef sliced","Deli-counter or prepackaged sliced roast beef lunchmeat. Must NOT match raw beef roasts (rump/chuck), canned roast beef, roast beef frozen meals, or beef jerky.","agent-2.json"
"deli-chicken-breast","Chicken Breast (Deli / Sliced)","oz","9 oz tub","Meat & Poultry","deli sliced chicken breast","Deli-counter or prepackaged oven-roasted/grilled chicken breast lunchmeat. Must NOT match raw chicken breast (existing), canned chicken (existing), chicken salad (separate candidate), or turkey lunchmeat (existing).","agent-2.json"
"deli-pastrami","Pastrami (Deli / Sliced)","oz","7 oz pkg","Meat & Poultry","sliced pastrami","Sliced beef pastrami (prepackaged or deli counter); include deli corned beef slices if labeled together. Must NOT match raw corned beef brisket (separate candidate), pastrami-seasoned salmon, or frozen sandwiches.","agent-2.json"
"bologna","Bologna","oz","16 oz pkg","Meat & Poultry","bologna","Sliced bologna (regular/beef/thick-cut, Oscar Mayer/Bar-S/store brand). Must NOT match ring bologna (smoked sausage ring), braunschweiger (separate candidate), hot dogs (existing), or Lunchables-type kits.","agent-2.json"
"salami","Salami (Sliced)","oz","8 oz pkg","Meat & Poultry","sliced salami","Sliced hard/Genoa/cotto salami for sandwiches or snacking. Must NOT match pepperoni (existing item), summer sausage (separate candidate), salami whole chubs in gift sets, or charcuterie sampler trays.","agent-2.json"
"braunschweiger","Braunschweiger / Liverwurst","oz","16 oz chub","Meat & Poultry","braunschweiger liverwurst","Braunschweiger or liver sausage chub/sliced (Midwest staple). Must NOT match beef or chicken liver raw (separate candidates), pate, or liver-flavor pet products.","agent-2.json"
"summer-sausage","Summer Sausage","oz","20 oz chub","Meat & Poultry","summer sausage","Beef/original summer sausage chub (Old Wisconsin/Hillshire/store brand). Must NOT match snack sticks (separate candidate), pepperoni, holiday gift sets, or jerky.","agent-2.json"
"prosciutto","Prosciutto (Sliced)","oz","4 oz pkg","Meat & Poultry","sliced prosciutto","Prepackaged sliced prosciutto (Aldi/Hy-Vee carry). Must NOT match deli ham (existing), pancetta, serrano ham, or charcuterie trays with cheese.","agent-2.json"
"cocktail-sausages","Cocktail Sausages (Lit'l Smokies)","oz","14 oz pkg","Meat & Poultry","little smokies cocktail sausages","Miniature smoked cocktail sausages/wieners (Hillshire Lit'l Smokies type). Existing kielbasa matcher excludes 'cocktail', so open. COLLISION FLAG: 'cocktail franks/wieners' labels can hit the existing hot-dogs matcher (includes bare 'franks/wieners'); that entry should exclude 'cocktail/lit'l/little smokies'. Must NOT match full-size hot dogs or pigs-in-blanket frozen appetizers.","agent-2.json"
"chorizo-fresh","Chorizo (Fresh Mexican)","oz","9 oz tube","Meat & Poultry","pork chorizo","Fresh Mexican pork or beef chorizo tube (Cacique/store brand; big seller in Omaha). Must NOT match Spanish cured chorizo links, soy chorizo (allow only meat), breakfast sausage (existing), or chorizo-flavored frozen meals.","agent-2.json"
"deli-chicken-salad","Chicken Salad (Deli Tub)","lb","1 lb tub","Meat & Poultry","deli chicken salad","Refrigerated deli chicken salad tub (store deli or Resers/Willow Tree type). Must NOT match canned chicken (existing), chicken salad kits with crackers (allow only if the tub is the product), tuna/ham salad, or salad greens.","agent-2.json"
"vienna-sausages","Vienna Sausages (Canned)","oz","4.6 oz can","Meat & Poultry","vienna sausage","Canned Vienna sausages (Libby's/Armour). Must NOT match cocktail smokies (refrigerated, separate candidate), hot dogs, potted meat (separate candidate), or Vienna bread/pastry.","agent-2.json"
"spam-luncheon-meat","Canned Luncheon Meat (Spam)","oz","12 oz can","Meat & Poultry","spam luncheon meat","Canned pork luncheon meat (Spam/Treet/store brand). Must NOT match canned corned beef (separate candidate), potted meat (separate candidate), deli lunchmeat, or Spam-flavored snacks.","agent-2.json"
"potted-meat","Potted Meat (Canned)","oz","3 oz can","Meat & Poultry","potted meat","Small-can potted meat spread (Armour/Libby's budget shelf item). Must NOT match Vienna sausages or Spam (separate candidates), deviled ham (close cousin, allow if labeled potted meat only), or pet food.","agent-2.json"
"canned-corned-beef","Canned Corned Beef","oz","12 oz can","Meat & Poultry","canned corned beef","Shelf-stable canned corned beef (Libby's/Hormel). Must NOT match raw corned beef brisket (separate candidate), corned beef HASH (potato blend, different product), or deli corned beef slices.","agent-2.json"
"meat-snack-sticks","Meat Snack Sticks","oz","3.9 oz pkg / multi-ct","Meat & Poultry","beef snack sticks","Cured meat snack sticks (Slim Jim/Old Wisconsin/Jack Link's sticks). Existing beef-jerky matcher excludes 'sticks', so open. Must NOT match beef jerky (existing), string cheese combo packs, pepperoni slices, or dog treat sticks.","agent-2.json"
"margarine","Margarine / Buttery Spread","oz","45 oz tub","Dairy & Eggs","margarine","Vegetable-oil tub spreads and stick margarine (Country Crock, Blue Bonnet, Imperial, I Can't Believe It's Not Butter; plant-butter tubs count here). Board butter item already excludes spread/crock/imperial/canola so no collision. Exclude real butter, spray bottles, butter-with-canola blends (separate item).","agent-3.json"
"spreadable-butter-blend","Spreadable Butter with Canola/Olive Oil","oz","15 oz tub","Dairy & Eggs","butter with canola oil","Real-butter tub blends labeled 'butter with canola oil / olive oil' (Land O'Lakes, Challenge, store brand). Board butter item excludes canola/oil so clean. Exclude margarine (no real butter, own item) and plain stick/whipped butter (covered).","agent-3.json"
"lactose-free-milk","Lactose-Free Milk","floz","64 floz","Dairy & Eggs","lactaid milk","Lactaid and store-brand lactose-free DAIRY milk. Board milk item already excludes 'lactose' so clean. Must EXCLUDE ultra-filtered (Fairlife carries both keywords; those titles resolve to ultra-filtered-milk item). Exclude plant milks and baby formula.","agent-3.json"
"ultra-filtered-milk","Ultra-Filtered Milk","floz","52 floz","Dairy & Eggs","fairlife milk","Fairlife and store-brand ultra-filtered high-protein milk. Wins over lactose-free-milk when title says ultra-filtered/ultrafiltered. COLLISION: plain milk commodity matches \bmilk\b broadly; add ultra-filtered/fairlife exclude there. Exclude protein shakes (Core Power) and flavored ultra-filtered coffee drinks.","agent-3.json"
"soy-milk","Soy Milk","floz","64 floz","Dairy & Eggs","soy milk","Silk/Great Value soy beverage; this IS the non-dairy item. Pattern must catch one-word 'Soymilk' (board milk item's \bsoy\b exclude and \bmilk\b include both miss it). Exclude soy sauce (covered), soy baby formula, almond/oat milk (covered).","agent-3.json"
"coconut-milk-beverage","Coconut Milk Beverage (refrigerated)","floz","64 floz","Dairy & Eggs","coconut milk half gallon","Carton coconut milk beverage (Silk, So Delicious); this IS the non-dairy item. Board milk item excludes 'coconut' so clean. EXCLUDE canned culinary coconut milk/cream (Thai Kitchen, shelf-stable), coconut water, cream of coconut.","agent-3.json"
"kefir","Kefir","floz","32 floz","Dairy & Eggs","kefir","Drinkable cultured milk (Lifeway, store brand). COLLISION: titles often read 'kefir cultured lowfat milk' which matches the plain milk commodity; add 'kefir' exclude there. Exclude water kefir, kombucha, and yogurt drinks that say yogurt (yogurt item catches those).","agent-3.json"
"eggnog","Eggnog","floz","64 floz","Dairy & Eggs","eggnog","SEASONAL (roughly Oct-Jan; expect long availability gaps rest of year). Dairy eggnog/holiday nog (TruMoo, Anderson Erickson, store brand). Board eggs item already excludes 'nog'. Exclude eggnog-flavored creamer, ice cream, and liquor blends.","agent-3.json"
"ricotta","Ricotta Cheese","oz","15 oz tub","Dairy & Eggs","ricotta cheese","Whole-milk or part-skim ricotta tubs (Galbani, store brand). No existing board pattern matches 'ricotta'. Exclude ricotta-FILLED items (ravioli, manicotti, cannoli) and cheesecake.","agent-3.json"
"velveeta-cheese-loaf","Processed Cheese Loaf (Velveeta-style)","oz","32 oz loaf","Dairy & Eggs","velveeta","Melting cheese loaf (Velveeta, GV Easy Melt, Hy-Vee melting loaf). Exclude Velveeta Shells & Cheese and Skillets (boxed-mac territory), Velveeta slices (sliced-cheese item catches 'cheese slices'), and jarred queso dip (queso item).","agent-3.json"
"fresh-mozzarella","Fresh Mozzarella","oz","8 oz ball","Dairy & Eggs","fresh mozzarella","Refrigerated fresh mozzarella balls/logs/pearls in brine (BelGioioso, store brand); require 'fresh'. COLLISION: 'mozzarella cheese' matches shredded-cheese includes; that item needs a 'fresh' exclude. Exclude shredded/block/string mozzarella (covered) and breaded sticks (frozen item).","agent-3.json"
"blue-cheese-crumbles","Blue Cheese Crumbles","oz","5 oz tub","Dairy & Eggs","blue cheese crumbles","Crumbled blue/gorgonzola tubs. No existing cheese pattern matches crumbles. MUST exclude blue cheese DRESSING and dip (dressing items), wing sauce, and blue-cheese-stuffed olives.","agent-3.json"
"goat-cheese","Goat Cheese","oz","4 oz log","Dairy & Eggs","goat cheese","Chevre logs and crumbles (Montchevre, store brand). Exclude goat MILK, and let titles containing 'feta' stay with the feta item (\bfeta\b already matches). Exclude salad kits.","agent-3.json"
"queso-fresco","Queso Fresco","oz","10 oz round","Dairy & Eggs","queso fresco","Hispanic fresh cheese rounds (Cacique, La Chona, V&V Supremo); queso blanco rounds count. COLLISION: verify queso (cheese dip) item include; if it matches bare 'queso' it needs fresco/blanco/cotija excludes. Exclude jarred queso dip/sauce and shredded blends.","agent-3.json"
"snack-cheese-cubes","Snack Cheese Cubes / Rounds","oz","8 oz bag","Dairy & Eggs","cheese cubes","Snack cubes (colby-jack/cheddar cubes, Sargento) and wax rounds (Babybel). COLLISION: 'colby jack cheese cubes' matches shredded-cheese named-cheese includes; that item should exclude cubes/rounds (it already excludes 'snack'). Exclude string cheese (covered) and party trays.","agent-3.json"
"brie","Brie Cheese","oz","8 oz wheel","Dairy & Eggs","brie cheese","Brie/camembert wheels (President, Aldi Emporium Selection, store brand). No existing board pattern matches. Exclude baked-brie frozen appetizers, brie bites (frozen), and cracker assortments.","agent-3.json"
"cheese-curds","Cheese Curds","oz","12 oz bag","Dairy & Eggs","cheese curds","Fresh squeaky curds, a Midwest dairy-case staple (Hy-Vee, Fareway carry). COLLISION: 'white cheddar cheese curds' contains 'cheddar cheese' which matches shredded-cheese; add curds exclude there. EXCLUDE breaded/fried frozen curds (appetizer, different product).","agent-3.json"
"mexican-crema","Mexican Crema","oz","15 oz bottle","Dairy & Eggs","crema mexicana","Table cream / crema mexicana or agria (Cacique, El Mexicano); sold by net weight. 'Crema' does not trip \bcream\b patterns so no collision. Exclude sour cream (covered), canned media crema (shelf-stable), and coffee creamer.","agent-3.json"
"liquid-eggs","Liquid Whole Eggs / Egg Substitute","floz","32 floz carton","Dairy & Eggs","liquid eggs","Cartoned whole-egg product (Egg Beaters Original, Bob Evans liquid eggs, GV). Board eggs item already excludes 'substitute'. COLLISION: egg-whites item includes 'liquid egg'; restrict this item to whole/original/scramble products and have egg-whites require 'white'. Exclude shell eggs and liquid egg whites (covered).","agent-3.json"
"hard-boiled-eggs","Hard-Boiled Eggs (peeled, ready-to-eat)","each","6 ct","Dairy & Eggs","hard boiled eggs","Refrigerated peeled hard-boiled/hard-cooked eggs (GV, Eggland's Best). Board eggs item excludes 'hard-cooked' and 'peeled' but NOT 'hard boiled'; add that exclude to eggs. Exclude pickled eggs, deviled egg kits, egg salad, Easter dye kits.","agent-3.json"
"french-onion-dip","French Onion Dip (refrigerated)","oz","16 oz tub","Dairy & Eggs","french onion dip","Dairy-case sour-cream chip dip (Dean's, Heluva Good, store brand); other sour-cream dips (ranch dip, dill) count. COLLISION: verify onions produce item excludes 'dip'. Exclude shelf-stable jarred dips, onion soup/dip MIX packets, hummus/queso/salsa (own items).","agent-3.json"
"frozen-green-beans","Frozen Green Beans","oz","12 oz bag","Frozen","frozen green beans","Cut/whole green beans, steamable bags. COLLISION: fresh-green-beans and canned-green-beans items exist; this must require frozen/steamable/bag context and those items need 'frozen' excludes. Exclude green bean casserole kits and seasoned skillet sides.","agent-3.json"
"frozen-spinach","Frozen Spinach","oz","12 oz bag","Frozen","frozen spinach","Chopped or cut-leaf frozen spinach (box/bag). COLLISION: fresh spinach item matches bare 'spinach'; it needs a 'frozen' exclude. Exclude creamed spinach sides, spinach-artichoke dip, and fresh salad spinach (covered).","agent-3.json"
"frozen-cauliflower","Frozen Cauliflower Florets","oz","12 oz bag","Frozen","frozen cauliflower florets","Plain frozen florets, steamable. COLLISION: fresh cauliflower item matches bare 'cauliflower'; needs frozen exclude. EXCLUDE riced cauliflower (own item), cheese-sauce florets, cauliflower-crust pizza, veggie tots.","agent-3.json"
"frozen-cauliflower-rice","Frozen Riced Cauliflower","oz","12 oz bag","Frozen","cauliflower rice","Plain riced cauliflower (Green Giant, Season's Choice, GV). COLLISION: verify white-rice item cannot match 'cauliflower rice'; and keep separate from frozen-cauliflower florets item. Exclude seasoned rice-vegetable blends containing real rice.","agent-3.json"
"frozen-stir-fry-vegetables","Frozen Stir-Fry Vegetable Blend","oz","16 oz bag","Frozen","frozen stir fry vegetables","Asian/stir-fry veg blends (broccoli, snap peas, water chestnuts), sauce packet OK. MUST NOT match 'mixed vegetables' (frozen-vegetables item owns medley/mixed). Exclude skillet meals with meat or noodles (own item) and fresh produce blends.","agent-3.json"
"frozen-edamame","Frozen Edamame","oz","12 oz bag","Frozen","frozen edamame","In-shell or shelled edamame (soybeans). No existing board pattern matches. Exclude dry-roasted edamame snacks (pantry) and edamame in stir-fry blends (own item).","agent-3.json"
"frozen-brussels-sprouts","Frozen Brussels Sprouts","oz","12 oz bag","Frozen","frozen brussels sprouts","Plain frozen sprouts, steamable. COLLISION: fresh brussels-sprouts item matches bare 'brussels sprouts'; needs frozen exclude. Exclude sauced/seasoned versions (balsamic glaze kits) and fresh produce (covered).","agent-3.json"
"frozen-carrots","Frozen Carrots","oz","16 oz bag","Frozen","frozen carrots","Crinkle-cut or whole baby frozen carrots. COLLISION: fresh carrots item matches bare 'carrots'; needs frozen exclude. Peas-and-carrots blends belong to frozen-vegetables (mixed) item; exclude here. Exclude canned carrots and glazed sides.","agent-3.json"
"frozen-pepper-onion-blend","Frozen Pepper & Onion Blend","oz","16 oz bag","Frozen","frozen pepper onion blend","Fajita/3-pepper and onion strips (GV, Birds Eye). COLLISION: fresh bell-peppers and onions items may have loose includes; require frozen/blend/strips context. Exclude full stir-fry blends (own item) and fresh produce.","agent-3.json"
"frozen-california-blend","Frozen Broccoli-Cauliflower Blend","oz","16 oz bag","Frozen","california blend frozen vegetables","California/Normandy/winter blend (broccoli, cauliflower, carrots). NOT covered by frozen-vegetables item (that only matches mixed vegetables/medley wording). Exclude cheese-sauce versions and plain single-veg bags (own items).","agent-3.json"
"frozen-corn-cob","Frozen Corn on the Cob","each","4 ct mini ears","Frozen","frozen corn on the cob","Mini or full frozen ears. Frozen-corn item explicitly excludes 'cob' so clean. COLLISION: fresh sweet-corn (per ear) item; it needs a frozen exclude. Price per ear. Exclude cut/steamable corn (covered).","agent-3.json"
"frozen-sweet-potato-fries","Frozen Sweet Potato Fries","oz","20 oz bag","Frozen","sweet potato fries","Alexia/Ore-Ida/GV sweet potato fries and waffle cuts. Frozen-fries item explicitly excludes 'sweet potato' so clean. COLLISION: fresh sweet-potatoes item matches bare 'sweet potato'; needs 'fries' exclude. Exclude regular potato fries (covered).","agent-3.json"
"frozen-juice-concentrate","Frozen Juice Concentrate","floz","12 floz can","Frozen","frozen orange juice concentrate","Frozen OJ/apple/lemonade concentrate cans (Old Orchard, GV). REQUIRES 'concentrate'. COLLISION: orange-juice item matches 'orange juice' with no concentrate exclude; add 'concentrate' exclude there (apple-juice/lemonade items too). Exclude ready-to-drink juice.","agent-3.json"
"frozen-pancakes","Frozen Pancakes","each","12 ct","Frozen","frozen pancakes","Eggo/De Wafelbakkers/GV frozen pancakes incl. mini pancakes. MUST NOT match pancake-mix item (that requires 'mix') or syrup. Exclude refrigerated batter, waffles (covered), and pancake breakfast bowls (own item).","agent-3.json"
"french-toast-sticks","French Toast Sticks (frozen)","oz","16 oz box","Frozen","french toast sticks","Frozen french toast and sticks (Eggo, GV). No collision: french-bread item wants bread/baguette wording, bread item wants 'bread'. Exclude French Toast Crunch cereal (pantry) and fresh bakery french bread.","agent-3.json"
"toaster-strudel","Toaster Strudel (frozen pastries)","each","6 ct box","Frozen","toaster strudel","Frozen filled toaster pastries (Pillsbury Toaster Strudel and store equivalents); include 'strudel'. Toaster-pastries item covers shelf-stable Pop-Tarts; EXCLUDE Pop-Tarts and shelf-stable pastries here. Exclude Toaster Scrambles? No: savory Scrambles count here too.","agent-3.json"
"frozen-dinners","Frozen Dinners (single-serve entrees)","each","9-10 oz meal","Frozen","frozen dinner","Single-serve TV dinners/entrees (Banquet, Hungry-Man, Lean Cuisine, Healthy Choice, Michelina's, Stouffer's singles). EXCLUDE lasagna (own item), pot pies (own item), family-size bags (skillet item), breakfast bowls (own item), pizza (covered).","agent-3.json"
"frozen-pot-pies","Frozen Pot Pies","each","7 oz pie","Frozen","chicken pot pie frozen","Banquet/Swanson/Marie Callender's pot pies; REQUIRE 'pot pie'. Must not leak into frozen-dessert-pie item (that one excludes 'pot pie'). Exclude refrigerated/deli pot pies and soup (chicken-noodle-soup item).","agent-3.json"
"frozen-skillet-meals","Frozen Family Skillet Meals","oz","21 oz bag","Frozen","frozen skillet meal","Bagged 2+ serving meals (Birds Eye Voila!, Bertolli, GV skillet meals, PF Chang's home menu family bags count if pasta/meat blends). Exclude boxed Hamburger Helper (pantry), single-serve dinners (own item), plain veg blends (own items).","agent-3.json"
"frozen-mac-and-cheese","Frozen Mac & Cheese","oz","12 oz","Frozen","stouffers macaroni and cheese","Frozen macaroni and cheese (Stouffer's, Devour, GV). Boxed mac-and-cheese item explicitly excludes 'frozen' so clean; this REQUIRES frozen context. Exclude boxed dry mac, Velveeta Skillets, deli-case mac sides.","agent-3.json"
"frozen-ravioli","Frozen Ravioli / Tortellini","oz","25 oz bag","Frozen","frozen ravioli","Bagged frozen filled pasta (GV, Louisa, Rosetto). EXCLUDE canned ravioli (Chef Boyardee, shelf-stable), refrigerated fresh pasta (Buitoni/Rana), dry pasta (covered), and breaded/toasted ravioli appetizers.","agent-3.json"
"frozen-orange-chicken","Frozen Orange Chicken / Asian Entree","oz","22 oz bag","Frozen","frozen orange chicken","Bagged orange/General Tso/sesame chicken (InnovAsian, Fusia, PF Chang's, Crazy Cuizine). COLLISION: verify fresh oranges item excludes 'chicken'. Exclude sauce-only bottles (pantry), fresh deli asian entrees, plain frozen chicken (meat).","agent-3.json"
"frozen-fried-rice","Frozen Fried Rice","oz","26 oz bag","Frozen","frozen fried rice","Bagged fried rice (Fusia, InnovAsian, GV). COLLISION: verify white-rice item cannot match 'fried rice' (anchor its include). Exclude shelf-stable ready-rice pouches, Rice-A-Roni (pantry), and dry rice (covered).","agent-3.json"
"frozen-hot-pockets","Hot Pockets / Stuffed Sandwiches","each","2 ct (9 oz)","Frozen","hot pockets","Hot Pockets, Lean Pockets, store-brand stuffed sandwiches/melts. COLLISION: breakfast varieties can match breakfast-sandwiches includes ('sandwiches...egg'); keep croissant/biscuit/muffin breakfast sandwiches there. Exclude Uncrustables (own item) and pizza rolls.","agent-3.json"
"frozen-pbj-sandwiches","Frozen PB&J Sandwiches (crustless)","each","4 ct","Frozen","uncrustables","Smucker's Uncrustables and store-brand crustless PB&J. COLLISION: peanut-butter item matches 'peanut butter' with no sandwich exclude; add 'uncrustable' and 'sandwich' excludes there, and check jelly item likewise. Exclude jarred PB and jelly (covered).","agent-3.json"
"pizza-rolls","Pizza Rolls / Pizza Snacks","oz","24 oz bag","Frozen","pizza rolls","Totino's/GV pizza rolls and pizza bites. Frozen-pizza item excludes rolls/bites so clean. Exclude Bagel Bites (bagel-based, do not force-match), pizza sticks lunch kits, and whole frozen pizza (covered).","agent-3.json"
"frozen-mozzarella-sticks","Frozen Mozzarella Sticks (breaded)","oz","24 oz box","Frozen","frozen mozzarella sticks","Breaded appetizer sticks (Farm Rich, TGI Fridays, GV); REQUIRE breaded/battered/frozen context. String-cheese item has a negative lookahead plus breaded/fried/frozen excludes so clean. Exclude fresh string cheese (covered) and cheese curds (dairy item).","agent-3.json"
"frozen-egg-rolls","Frozen Egg Rolls / Spring Rolls","oz","20 oz box","Frozen","frozen egg rolls","Pagoda/Tai Pei/Fusia egg rolls and spring rolls. Board eggs item already excludes 'egg roll' so clean. Exclude pizza rolls (own item), cabbage (produce), and restaurant/deli egg rolls.","agent-3.json"
"frozen-taquitos","Frozen Taquitos","oz","20 oz box","Frozen","frozen taquitos","Jose Ole/El Monterey/GV taquitos and rolled tacos. Exclude taco shells and tortillas (covered), taco seasoning/kits (pantry), burritos and chimichangas (frozen-burritos item matches 'burrito').","agent-3.json"
"frozen-soft-pretzels","Frozen Soft Pretzels","oz","13 oz (6 ct)","Frozen","superpretzel soft pretzels","SuperPretzel/store-brand soft pretzels and pretzel bites. Snack pretzels item excludes 'frozen' but titles lacking that word could still land there; recommend adding a 'soft' exclude to pretzels. Exclude hard snack pretzels (covered) and bakery pretzel buns.","agent-3.json"
"frozen-potstickers","Frozen Potstickers / Dumplings","oz","24 oz bag","Frozen","frozen potstickers","Bibigo/Pagoda/Fusia potstickers, gyoza, mini wontons, dumplings. Exclude canned wonton soup (pantry), fresh sushi-case items, and pierogies (own item).","agent-3.json"
"frozen-pierogies","Frozen Pierogies","oz","16 oz box","Frozen","pierogies","Mrs. T's/store-brand potato and cheese pierogies. No existing board pattern matches. Exclude asian dumplings/potstickers (own item) and refrigerated deli pierogies.","agent-3.json"
"frozen-tamales","Frozen Tamales","oz","15 oz","Frozen","frozen tamales","El Monterey/store-brand beef or chicken tamales. EXCLUDE canned tamales (Hormel, shelf-stable) and masa/corn husks (pantry). Exclude burritos and taquitos (own items).","agent-3.json"
"frozen-sliders","Frozen Sliders","each","6 ct","Frozen","white castle sliders","White Castle/store-brand microwave cheeseburger sliders. Exclude slider BUNS (hamburger-buns item can match 'slider buns'), fresh deli sliders, and breakfast sandwiches (covered).","agent-3.json"
"frozen-chicken-tenders","Frozen Chicken Tenders (breaded)","oz","25 oz bag","Frozen","frozen chicken tenders","Breaded/crispy tenders and strips (Tyson, Just Bare, GV). Chicken-breast item excludes tender/strip/breaded, chicken-nuggets only matches 'nuggets', so clean. EXCLUDE fresh raw tenderloins (meat dept) by requiring breaded/crispy/battered/frozen context.","agent-3.json"
"frozen-chicken-patties","Frozen Chicken Patties (breaded)","oz","26 oz bag","Frozen","frozen chicken patties","Breaded chicken sandwich patties (Tyson, Fast Fixin', GV); spicy versions count. Chicken-breast item excludes patty/patties so clean. Exclude fresh ground-chicken patties (meat dept) and plant-based patties (veggie-burger item).","agent-3.json"
"frozen-popcorn-chicken","Frozen Popcorn Chicken","oz","24 oz bag","Frozen","popcorn chicken","Bite-size breaded popcorn chicken (Tyson Anytizers, GV). Chicken-nuggets item only matches 'nuggets' so clean. COLLISION: verify microwave-popcorn item cannot match 'popcorn chicken' (needs 'chicken' exclude if include is loose).","agent-3.json"
"frozen-breaded-shrimp","Frozen Breaded Shrimp","oz","18 oz box","Frozen","breaded shrimp","Popcorn/butterfly breaded shrimp (SeaPak, GV). Shrimp item explicitly excludes breaded/popcorn/fried so clean; REQUIRE breaded/popcorn/butterfly/battered. Exclude raw frozen shrimp (covered) and shrimp cocktail.","agent-3.json"
"frozen-veggie-burgers","Frozen Veggie / Black Bean Burgers","oz","9.5 oz (4 ct)","Frozen","veggie burgers","Morningstar/Boca/GV veggie and black bean patties; this IS the meatless item (chicken-nuggets excludes plant/meatless). Exclude canned black beans (covered), fresh produce, and beef patties (deliberately not on board as separate item).","agent-3.json"
"frozen-onion-rings","Frozen Onion Rings","oz","16 oz bag","Frozen","frozen onion rings","Breaded onion rings (Ore-Ida, Alexia, GV). COLLISION: verify fresh onions item excludes 'rings'. Exclude Funyuns-style snack rings (pantry) and restaurant items. Frozen-fries item does not match 'rings' so clean.","agent-3.json"
"frozen-diced-potatoes","Frozen Diced Breakfast Potatoes","oz","28 oz bag","Frozen","potatoes obrien","Diced hash/O'Brien potatoes with peppers-onions (Ore-Ida, GV). Hash-browns item only matches 'hash brown' wording so diced/O'Brien is clean. COLLISION: fresh russet/red potato items must not match; require diced/O'Brien/frozen context. Exclude fries and tots (covered).","agent-3.json"
"ice-cream-sandwiches","Ice Cream Sandwiches","each","12 ct","Frozen","ice cream sandwiches","Vanilla/Neapolitan ice cream sandwiches (GV, Fat Boy, Klondike). Ice-cream item explicitly excludes 'sandwich' so clean. Exclude breakfast sandwiches (savory) and cookie dough sandwiches sold fresh in bakery.","agent-3.json"
"ice-cream-bars","Ice Cream Bars","each","6 ct","Frozen","klondike bars","Chocolate-coated ice cream bars and fudge bars (Klondike, Magnum, Fudgsicle, GV). Ice-cream item excludes 'bars' so clean. EXCLUDE fruit/juice bars (own item) and popsicles/ice pops (covered).","agent-3.json"
"sundae-cones","Sundae Cones (Drumstick-style)","each","8 ct","Frozen","drumstick cones","Filled frozen novelty cones (Drumstick, GV sundae cones). Ice-cream item excludes 'cones' so clean. EXCLUDE empty cake/sugar/waffle cones (pantry baking aisle) and chicken drumsticks (chicken-thighs item matches 'drumstick' - require cone/sundae context).","agent-3.json"
"sherbet-sorbet","Sherbet / Sorbet","floz","56 floz","Frozen","orange sherbet","Sherbet and sorbet tubs (Kemps, GV, Blue Bunny). Does not contain 'ice cream' so no collision. Exclude sherbet punch/drink mixers, gelato (leave unmatched), and popsicles (covered).","agent-3.json"
"frozen-yogurt","Frozen Yogurt (tubs)","floz","48 floz","Frozen","frozen yogurt","Froyo tubs (Kemps, GV, Blue Bunny FrozFruit-style). COLLISION: yogurt item matches bare 'yogurt' with no frozen exclude; add 'frozen' exclude to yogurt commodity. Exclude refrigerated yogurt (covered) and yogurt-covered snacks.","agent-3.json"
"frozen-fruit-bars","Frozen Fruit Bars","each","6 ct","Frozen","outshine fruit bars","Whole-fruit/juice bars (Outshine, GV, Helados Mexico paletas count). Popsicles item matches 'pops' wording, frozen-fruit item excludes 'bars', ice cream excludes 'bars' - so clean. Exclude granola/cereal bars (pantry) and ice cream bars (own item).","agent-3.json"
"italian-ice","Italian Ice","floz","24 floz (6 ct)","Frozen","luigis italian ice","Italian ice cups (Luigi's, store brand). Requires 'italian ice' so it cannot match ice cream or bagged ice; keep bagged-ice item anchored to bag wording. Exclude snow-cone syrups (pantry) and slush drink mixes.","agent-3.json"
"frozen-dessert-pie","Frozen Dessert Pie","each","1 pie (27-38 oz)","Frozen","frozen apple pie","Whole frozen dessert pies (Edwards, Sara Lee, Marie Callender's fruit and cream pies). MUST exclude 'pot pie' (own item) and pie CRUSTS (own item). Exclude fresh bakery pies and snack pies (Hostess, pantry).","agent-3.json"
"frozen-cheesecake","Frozen Cheesecake","oz","19 oz","Frozen","sara lee cheesecake","Frozen cheesecakes (Sara Lee, Edwards, GV). Shredded-cheese item already excludes 'cheesecake' and cream-cheese item requires 'cream cheese' wording, so clean. Exclude cheesecake pudding mix (pantry) and fresh bakery cheesecake.","agent-3.json"
"frozen-bread-dough","Frozen Bread & Roll Dough","oz","48 oz (3 loaves)","Frozen","rhodes bread dough","Rhodes/store-brand frozen loaf and dinner-roll dough. COLLISION: bread item matches bare 'bread'; verify it excludes 'dough'. Dinner-rolls item excludes 'frozen' so clean. EXCLUDE refrigerated canned dough (dairy case) and pizza dough.","agent-3.json"
"frozen-pie-crust","Frozen Pie Crusts","each","2 ct (9 in)","Frozen","frozen pie crust","Deep-dish frozen crusts/shells (Pet-Ritz, GV). EXCLUDE graham cracker crusts (shelf-stable pantry), refrigerated rolled crusts (Pillsbury, dairy case), and filled dessert pies (own item).","agent-3.json"
"frozen-biscuits","Frozen Biscuits","each","12 ct (25 oz)","Frozen","frozen biscuits","Pillsbury Grands frozen/store-brand bake-from-frozen biscuits. EXCLUDE refrigerated canned biscuits (dairy case) and biscuit sandwiches (breakfast-sandwiches item matches 'biscuit sandwich'). Exclude biscuit mix (pantry).","agent-3.json"
"frozen-mashed-potatoes","Frozen Mashed Potatoes","oz","24 oz bag","Frozen","frozen mashed potatoes","Steam-bag frozen mashed (Ore-Ida, GV). EXCLUDE instant flakes (instant-mashed-potatoes item) and refrigerated tubs (Bob Evans). Butter item already excludes 'mashed' so clean. Exclude gravy and fresh potatoes (covered).","agent-3.json"
"frozen-breakfast-bowls","Frozen Breakfast Bowls","each","7 oz bowl","Frozen","jimmy dean breakfast bowl","Jimmy Dean/GV frozen breakfast bowls (eggs, potatoes, sausage). Frozen-burritos item excludes 'bowl' so clean. Exclude oatmeal cups (pantry), dinner/pasta bowls (frozen-dinners item), and breakfast sandwiches (covered).","agent-3.json"
"frozen-egg-bites","Frozen Egg Bites","each","4 ct","Frozen","egg bites","Sous-vide-style egg bites (Jimmy Dean, Three Bridges; refrigerated versions count too). Board eggs item already excludes 'egg bite' so clean. Exclude quiche, egg white liquid (covered), and protein snack boxes.","agent-3.json"
"frozen-jalapeno-poppers","Frozen Jalapeno Poppers","oz","22 oz box","Frozen","jalapeno poppers","Breaded cream-cheese/cheddar stuffed jalapenos (Farm Rich, TGI Fridays). COLLISION: fresh jalapenos produce item matches bare 'jalapeno'; needs 'popper' exclude. Shrimp item already excludes 'poppers'. Exclude fresh deli poppers.","agent-3.json"
"bagged-ice","Bagged Ice","lb","10 lb bag","Frozen","bag of ice","Party/cubed ice bags (Reddy Ice, store brand). Anchor include to bag+ice wording so it cannot match Italian ice (own item), ice cream, iced tea, or dry ice. Exclude ice cream novelties and ice packs (household).","agent-3.json"
"beef-stew","Canned Beef Stew","oz","20 oz can","Canned & Soup","canned beef stew","Ready-to-eat canned stew (Dinty Moore style). Exclude canned chili (existing), canned soup, frozen dinners, dog food stew.","agent-4.json"
"canned-pasta","Canned Pasta (Ravioli / SpaghettiOs)","oz","15 oz can","Canned & Soup","canned ravioli","Chef Boyardee / SpaghettiOs style canned pasta in sauce. Exclude dry pasta (existing), boxed mac & cheese (existing), ramen (existing), frozen ravioli.","agent-4.json"
"corned-beef-hash","Corned Beef Hash (canned)","oz","14 oz can","Canned & Soup","corned beef hash","Canned hash (Hormel Mary Kitchen style). Exclude frozen hash browns (existing), fresh corned beef brisket, plain canned corned beef.","agent-4.json"
"vegetable-soup","Vegetable / Vegetable Beef Soup (canned)","oz","18.5 oz can","Canned & Soup","canned vegetable soup","Vegetable or vegetable-beef canned soup, condensed or ready-to-serve. Exclude tomato soup (existing), chicken noodle (existing), cream-of soups (existing), broth (existing), V8 juice.","agent-4.json"
"clam-chowder","Clam Chowder (canned)","oz","18.5 oz can","Canned & Soup","clam chowder canned","New England clam chowder, canned. Exclude fresh deli soup, other canned soups (existing), canned clams.","agent-4.json"
"chili-beans","Chili Beans (in sauce)","oz","15.5 oz can","Canned & Soup","chili beans","Beans in mild chili sauce (Bush's Chili Beans style). Exclude prepared canned chili with meat (existing canned-chili), plain kidney/pinto beans (existing), baked beans (existing).","agent-4.json"
"canned-white-beans","Canned White Beans (Great Northern / Cannellini / Navy)","oz","15.5 oz can","Canned & Soup","great northern beans canned","Canned white beans: great northern, cannellini, navy, butter beans. Exclude chickpeas/kidney/black/pinto (existing), baked beans (existing), dry bagged beans (separate).","agent-4.json"
"canned-mixed-vegetables","Canned Mixed Vegetables","oz","15 oz can","Canned & Soup","canned mixed vegetables","Veg-All style mixed vegetables in a can. Exclude frozen mixed vegetables (existing), single-vegetable cans (existing corn/peas/green beans).","agent-4.json"
"canned-beets","Canned Beets","oz","15 oz can","Canned & Soup","canned beets","Sliced or pickled canned beets. Exclude fresh beets, beet juice.","agent-4.json"
"sauerkraut","Sauerkraut (canned/jarred)","oz","14 oz can","Canned & Soup","sauerkraut","Canned or jarred sauerkraut. Exclude refrigerated bagged kraut, kimchi, coleslaw, fresh cabbage (existing).","agent-4.json"
"canned-yams","Canned Yams / Sweet Potatoes","oz","29 oz can","Canned & Soup","canned yams","Cut yams/sweet potatoes in syrup. Exclude fresh sweet potatoes (existing), frozen fries, canned pumpkin (separate).","agent-4.json"
"cranberry-sauce","Cranberry Sauce (canned)","oz","14 oz can","Canned & Soup","cranberry sauce","Jellied or whole-berry canned cranberry sauce. Exclude cranberry juice (existing), fresh cranberries, dried cranberries.","agent-4.json"
"canned-pumpkin","Canned Pumpkin (100% puree)","oz","15 oz can","Canned & Soup","canned pumpkin","100% pumpkin puree (Libby's style). Exclude pumpkin pie MIX (sweetened/spiced), pie filling (separate), pumpkin spice flavored products, fresh pumpkins.","agent-4.json"
"mandarin-oranges","Canned Mandarin Oranges","oz","15 oz can","Canned & Soup","canned mandarin oranges","Mandarin orange segments in juice/syrup, canned. Exclude fresh oranges/clementines (existing), single-serve fruit cups (existing), orange juice (existing).","agent-4.json"
"fruit-cocktail","Canned Fruit Cocktail","oz","15 oz can","Canned & Soup","fruit cocktail canned","Mixed fruit cocktail in a can. Exclude single-serve fruit cups (existing), canned peaches/pineapple/pears (existing/separate), frozen fruit (existing).","agent-4.json"
"canned-pears","Canned Pears","oz","15 oz can","Canned & Soup","canned pears","Pear halves/slices in juice or syrup. Exclude fresh pears (existing), fruit cups (existing), fruit cocktail (separate).","agent-4.json"
"tomatoes-green-chilies","Diced Tomatoes with Green Chilies (Ro-Tel style)","oz","10 oz can","Canned & Soup","rotel diced tomatoes green chilies","Must contain green chilies (Ro-Tel style). Exclude plain diced tomatoes (existing), crushed tomatoes (existing), salsa (existing), plain green chilies (separate). Collision watch with existing diced-tomatoes matcher.","agent-4.json"
"canned-green-chilies","Canned Diced Green Chilies","oz","4 oz can","Canned & Soup","diced green chiles","Small can of mild diced green chiles (Old El Paso/Hatch style). Exclude pickled jalapenos (separate), Ro-Tel tomatoes (separate), fresh peppers (existing), chili powder (existing).","agent-4.json"
"black-olives","Black Olives (canned, ripe)","oz","6 oz can","Canned & Soup","black olives canned","Ripe/black olives, sliced or whole, canned. Exclude green/stuffed olives (separate), olive oil (existing), olive tapenade.","agent-4.json"
"artichoke-hearts","Artichoke Hearts (canned/jarred)","oz","14 oz can","Canned & Soup","artichoke hearts","Canned or jarred artichoke hearts (quartered/whole/marinated). Exclude fresh or frozen artichokes, spinach-artichoke dip.","agent-4.json"
"vegetable-broth","Vegetable Broth / Stock","floz","32 floz carton","Canned & Soup","vegetable broth","Vegetable broth or stock, carton or can. Exclude chicken/beef broth (existing), bouillon cubes (separate), canned vegetable soup (separate).","agent-4.json"
"bouillon","Bouillon (cubes / granules / base)","oz","3.25 oz jar","Canned & Soup","chicken bouillon cubes","Chicken or beef bouillon cubes, granules, or paste base (Knorr / Better Than Bouillon). Exclude liquid broth/stock (existing), ramen seasoning, gravy mix (separate). Collision watch with existing broth matchers.","agent-4.json"
"coconut-milk-canned","Canned Coconut Milk","floz","13.5 floz can","Canned & Soup","coconut milk canned","Canned coconut milk for cooking. Exclude refrigerated/carton coconut milk beverage, cream of coconut (cocktail mixer), coconut water, coconut oil (existing), shredded coconut (separate).","agent-4.json"
"canned-potatoes","Canned Potatoes","oz","15 oz can","Canned & Soup","canned potatoes","Whole or sliced white potatoes, canned. Exclude fresh potatoes (existing), instant mashed flakes (existing), frozen fries/hash browns (existing), potato chips (existing).","agent-4.json"
"hominy","Canned Hominy","oz","25 oz can","Canned & Soup","canned hominy","White or golden hominy, canned (pozole staple). Exclude canned corn (existing), grits (separate), masa harina (separate), popcorn (existing/separate).","agent-4.json"
"onion-soup-mix","Onion Soup Mix (dry packets)","oz","2 oz box (2 envelopes)","Canned & Soup","onion soup mix","Lipton-style dry onion soup/dip mix packets. Exclude canned French onion soup, fresh onions (existing), onion powder (existing), ranch dip mix (separate).","agent-4.json"
"jarred-gravy","Jarred / Canned Gravy","oz","12 oz jar","Canned & Soup","turkey gravy jar","Ready-to-serve gravy in jar or can (turkey/chicken/beef). Exclude dry gravy mix packets (separate), broth/stock (existing), cream-of soups (existing).","agent-4.json"
"dijon-mustard","Dijon Mustard","oz","12 oz bottle","Sauces & Condiments","dijon mustard","Dijon or spicy brown mustard. Exclude yellow mustard (existing), honey mustard (separate), dry ground mustard spice.","agent-4.json"
"honey-mustard","Honey Mustard","oz","12 oz bottle","Sauces & Condiments","honey mustard","Honey mustard condiment or dipping sauce. Exclude plain honey (existing), yellow mustard (existing), dijon (separate), honey mustard pretzels/snacks.","agent-4.json"
"miracle-whip","Salad Dressing Spread (Miracle Whip style)","oz","30 oz jar","Sauces & Condiments","miracle whip","Miracle Whip style sandwich/salad dressing spread. Exclude real mayonnaise (existing), pourable salad dressings (existing/separate).","agent-4.json"
"caesar-dressing","Caesar Dressing","floz","16 floz bottle","Sauces & Condiments","caesar dressing","Caesar salad dressing, shelf bottle. Exclude ranch/italian (existing), blue cheese (separate), caesar salad kits, croutons.","agent-4.json"
"blue-cheese-dressing","Blue Cheese Dressing","floz","16 floz bottle","Sauces & Condiments","blue cheese dressing","Blue cheese salad dressing/dip. Exclude blue cheese crumbles (cheese aisle), ranch (existing), refrigerated produce-case dips.","agent-4.json"
"balsamic-vinegar","Balsamic Vinegar","floz","16.9 floz bottle","Sauces & Condiments","balsamic vinegar","Balsamic vinegar of Modena style. Exclude white/apple cider vinegar (existing), balsamic vinaigrette dressing, balsamic glaze/reduction.","agent-4.json"
"rice-vinegar","Rice Vinegar","floz","12 floz bottle","Sauces & Condiments","rice vinegar","Rice vinegar, plain or seasoned. Exclude white vinegar (existing), mirin/cooking wine, rice (existing).","agent-4.json"
"red-wine-vinegar","Red Wine Vinegar","floz","12 floz bottle","Sauces & Condiments","red wine vinegar","Red wine vinegar. Exclude balsamic (separate), white/cider vinegar (existing), cooking wine, wine.","agent-4.json"
"teriyaki-sauce","Teriyaki Sauce / Marinade","floz","10 floz bottle","Sauces & Condiments","teriyaki sauce","Teriyaki sauce or teriyaki marinade. Exclude soy sauce (existing), generic meat marinades (separate), frozen teriyaki meals.","agent-4.json"
"steak-sauce","Steak Sauce (A.1. style)","floz","10 floz bottle","Sauces & Condiments","a1 steak sauce","A.1. / Heinz 57 style steak sauce. Exclude worcestershire (existing), BBQ sauce (existing), marinades (separate), steak seasoning rub (separate), fresh steak (existing).","agent-4.json"
"cocktail-sauce","Cocktail Sauce","oz","12 oz jar","Sauces & Condiments","cocktail sauce","Seafood cocktail sauce. Exclude ketchup (existing), tartar sauce (separate), shrimp (existing), cocktail mixers.","agent-4.json"
"tartar-sauce","Tartar Sauce","floz","12 floz bottle","Sauces & Condiments","tartar sauce","Tartar sauce. Exclude mayonnaise (existing), cocktail sauce (separate), cream of tartar (baking).","agent-4.json"
"horseradish","Prepared Horseradish","oz","5 oz jar","Sauces & Condiments","prepared horseradish","Prepared horseradish or creamy horseradish sauce. Exclude fresh horseradish root, wasabi, horseradish cheese.","agent-4.json"
"enchilada-sauce","Enchilada Sauce","oz","10 oz can","Sauces & Condiments","red enchilada sauce","Red or green enchilada sauce, canned. Exclude taco sauce (separate), salsa (existing), hot sauce (existing), frozen enchiladas.","agent-4.json"
"taco-sauce","Taco Sauce","oz","8 oz bottle","Sauces & Condiments","taco sauce","Mild/medium taco sauce bottle (Ortega/Taco Bell style). Exclude salsa (existing), hot sauce (existing), enchilada sauce (separate), taco seasoning packets (separate).","agent-4.json"
"sloppy-joe-sauce","Sloppy Joe Sauce (Manwich style)","oz","15 oz can","Sauces & Condiments","sloppy joe sauce manwich","Canned sloppy joe sauce. Exclude BBQ sauce (existing), pasta sauce (existing), ground beef (existing), sloppy joe seasoning packets.","agent-4.json"
"bottled-marinade","Bottled Meat Marinade","floz","12 floz bottle","Sauces & Condiments","steak marinade","30-minute style bottled marinades (Lawry's/KC Masterpiece marinade). Exclude teriyaki (separate), italian dressing (existing), BBQ sauce (existing), dry rub seasonings (separate).","agent-4.json"
"pesto","Pesto (jarred)","oz","8 oz jar","Sauces & Condiments","basil pesto","Shelf-stable jarred basil pesto. Exclude refrigerated fresh pesto, marinara/alfredo (existing), dried basil (separate).","agent-4.json"
"minced-garlic","Minced Garlic (jarred)","oz","8 oz jar","Sauces & Condiments","minced garlic jar","Jarred minced/chopped garlic in water or oil. Exclude fresh garlic bulbs (existing), garlic powder (existing), garlic salt, garlic bread (existing).","agent-4.json"
"pickled-jalapenos","Pickled Jalapenos (sliced, jar/can)","oz","12 oz jar","Sauces & Condiments","pickled jalapeno slices","Sliced pickled jalapenos, jarred or canned. Exclude fresh jalapenos (existing), diced green chilies (separate), banana peppers (separate), dill pickles (existing).","agent-4.json"
"green-olives","Green Olives (stuffed manzanilla)","oz","5.75 oz jar","Sauces & Condiments","green olives stuffed","Pimento-stuffed manzanilla green olives, jarred. Exclude ripe black olives (separate), kalamata specialty olives, olive oil (existing).","agent-4.json"
"banana-peppers","Banana Pepper Rings / Pepperoncini","oz","12 oz jar","Sauces & Condiments","banana pepper rings","Jarred mild banana pepper rings or pepperoncini. Exclude pickled jalapenos (separate), fresh bell peppers (existing), dill pickles (existing).","agent-4.json"
"lime-juice","Lime Juice (bottled)","floz","8 floz bottle","Sauces & Condiments","lime juice bottle","Bottled 100% lime juice (ReaLime style). Exclude fresh limes (existing), lemon juice (existing), limeade/margarita mix (beverage).","agent-4.json"
"ground-ginger","Ground Ginger","oz","1.1 oz jar","Baking & Spices","ground ginger","Dried ground ginger spice. Exclude fresh ginger root (existing), ginger ale, candied ginger, gingersnap cookies.","agent-4.json"
"ground-nutmeg","Ground Nutmeg","oz","1.1 oz jar","Baking & Spices","ground nutmeg","Ground nutmeg spice. Exclude whole nutmeg ok to include; exclude eggnog, pumpkin pie spice blend (separate).","agent-4.json"
"bay-leaves","Bay Leaves","oz","0.2 oz jar","Baking & Spices","bay leaves","Dried whole bay leaves. Tiny net weights, watch per-oz math. Exclude fresh herbs, tea leaves.","agent-4.json"
"dried-basil","Dried Basil","oz","0.75 oz jar","Baking & Spices","dried basil leaves","Dried basil leaves spice. Exclude fresh basil (produce), pesto (separate), italian seasoning blend (existing).","agent-4.json"
"dried-thyme","Dried Thyme","oz","0.75 oz jar","Baking & Spices","dried thyme","Dried thyme leaves. Exclude fresh thyme (produce), poultry seasoning blend (separate).","agent-4.json"
"dried-rosemary","Dried Rosemary","oz","0.75 oz jar","Baking & Spices","dried rosemary","Dried rosemary leaves. Exclude fresh rosemary (produce), rosemary bread/crackers.","agent-4.json"
"dried-dill","Dill Weed (dried)","oz","0.5 oz jar","Baking & Spices","dried dill weed","Dried dill weed spice. Exclude dill pickles (existing), fresh dill (produce), dill seed ok to include, ranch mix (separate).","agent-4.json"
"cayenne-pepper","Cayenne Pepper (ground)","oz","2 oz jar","Baking & Spices","ground cayenne pepper","Ground cayenne / ground red pepper. Exclude red pepper flakes (existing), chili powder (existing), black pepper (existing), hot sauce (existing).","agent-4.json"
"curry-powder","Curry Powder","oz","2 oz jar","Baking & Spices","curry powder","Yellow curry powder spice. Exclude curry paste, jarred curry simmer sauce, turmeric (existing).","agent-4.json"
"ground-cloves","Ground Cloves","oz","1 oz jar","Baking & Spices","ground cloves","Ground cloves spice (whole cloves also count). Exclude garlic cloves (existing garlic), clove cigarettes obviously, pumpkin pie spice blend (separate).","agent-4.json"
"pumpkin-pie-spice","Pumpkin Pie Spice","oz","1.12 oz jar","Baking & Spices","pumpkin pie spice","Pumpkin pie spice blend. Exclude plain cinnamon (existing), canned pumpkin (separate), pumpkin spice coffee/creamer/snacks.","agent-4.json"
"taco-seasoning","Taco Seasoning (packet)","oz","1 oz packet","Baking & Spices","taco seasoning packet","Dry taco seasoning mix packets. Exclude taco sauce (separate), salsa (existing), chili seasoning (separate), taco shells/kits.","agent-4.json"
"chili-seasoning-mix","Chili Seasoning Mix (packet)","oz","1.25 oz packet","Baking & Spices","chili seasoning mix","Dry chili seasoning packets. Exclude plain chili powder spice (existing), canned chili (existing), taco seasoning (separate).","agent-4.json"
"ranch-seasoning-mix","Ranch Seasoning / Dip Mix (packets)","oz","1 oz packet","Baking & Spices","ranch seasoning mix","Hidden Valley style dry ranch dressing/dip mix packets. Exclude bottled ranch dressing (existing), onion soup/dip mix (separate).","agent-4.json"
"seasoned-salt","Seasoned Salt (Lawry's style)","oz","8 oz shaker","Baking & Spices","seasoned salt","Seasoned salt blend. Exclude plain table salt (existing), garlic salt, celery salt, steak seasoning (separate).","agent-4.json"
"lemon-pepper","Lemon Pepper Seasoning","oz","2.25 oz shaker","Baking & Spices","lemon pepper seasoning","Lemon pepper blend. Exclude fresh lemons (existing), plain black pepper (existing), lemon juice (existing).","agent-4.json"
"steak-seasoning","Steak Seasoning (Montreal style)","oz","3.4 oz shaker","Baking & Spices","montreal steak seasoning","Montreal/steak grill seasoning rub. Exclude steak sauce (separate), marinades (separate), fresh steak (existing), seasoned salt (separate).","agent-4.json"
"poultry-seasoning","Poultry Seasoning","oz","0.65 oz jar","Baking & Spices","poultry seasoning","Poultry seasoning blend (sage/thyme). Exclude fresh chicken (existing), stuffing mix (existing), rotisserie seasoning blends ok.","agent-4.json"
"almond-extract","Almond Extract","floz","1 floz bottle","Baking & Spices","almond extract","Pure or imitation almond extract. Exclude vanilla extract (existing), almonds (existing), almond milk (existing), almond butter (separate).","agent-4.json"
"food-coloring","Food Coloring","each","4-count box (1 floz total)","Baking & Spices","food coloring","Liquid or gel food color sets (McCormick 4-pack). Compare per box. Exclude Easter egg dye kits, icing/frosting (existing), sprinkles (separate).","agent-4.json"
"sprinkles","Sprinkles (jimmies / nonpareils)","oz","3.5 oz bottle","Baking & Spices","rainbow sprinkles","Dessert sprinkles/jimmies/nonpareils. Exclude chocolate chips (existing), colored sanding sugar ok, frosting (existing).","agent-4.json"
"cornmeal","Yellow Cornmeal","lb","2 lb bag","Baking & Spices","yellow cornmeal","Plain yellow/white cornmeal. Exclude cornstarch (existing), corn muffin mix (separate), masa harina (separate), grits (separate), corn flour blends.","agent-4.json"
"masa-harina","Masa Harina (corn flour for tortillas)","lb","4.4 lb bag","Baking & Spices","masa harina maseca","Instant corn masa flour (Maseca style). Exclude cornmeal (separate), cornstarch (existing), ready-made tortillas (existing), all-purpose flour (existing).","agent-4.json"
"corn-muffin-mix","Corn Muffin Mix (Jiffy style)","oz","8.5 oz box","Baking & Spices","jiffy corn muffin mix","Corn muffin/cornbread boxed mix. Exclude plain cornmeal (separate), cake/brownie mix (existing), ready-made cornbread, blueberry muffin mixes.","agent-4.json"
"cookie-mix","Cookie Mix (pouch/box)","oz","17.5 oz pouch","Baking & Spices","chocolate chip cookie mix","Dry cookie mix pouches (Betty Crocker style). Exclude cake mix (existing), brownie mix (existing), packaged ready cookies (existing), refrigerated cookie dough.","agent-4.json"
"graham-cracker-crust","Graham Cracker Pie Crust (ready)","each","6 oz crust","Baking & Spices","graham cracker pie crust","Ready-to-fill graham/shortbread pie crust. Exclude graham crackers (existing), refrigerated rolled pie crust, frozen deep-dish shells.","agent-4.json"
"pie-filling","Pie Filling (cherry / apple, canned)","oz","21 oz can","Baking & Spices","cherry pie filling","Canned fruit pie filling. Exclude canned fruit in juice/syrup (existing peaches etc.), pumpkin puree (separate), pudding (existing/separate), fresh fruit.","agent-4.json"
"molasses","Molasses","floz","12 floz bottle","Baking & Spices","molasses","Baking molasses (Grandma's style). Exclude pancake syrup (existing), brown sugar (existing), sorghum ok.","agent-4.json"
"corn-syrup","Corn Syrup (Karo style)","floz","16 floz bottle","Baking & Spices","light corn syrup","Light or dark corn syrup for baking. Exclude pancake syrup (existing), honey (existing), molasses (separate).","agent-4.json"
"pecans","Pecans (halves/chopped, baking)","oz","8 oz bag","Baking & Spices","pecan halves","Bagged pecan halves or pieces. Exclude mixed nuts (existing), candied/praline snack pecans, pecan pie.","agent-4.json"
"walnuts","Walnuts (halves/chopped, baking)","oz","8 oz bag","Baking & Spices","chopped walnuts","Bagged walnut halves or pieces. Exclude mixed nuts (existing), almonds/peanuts (existing), trail mix, black walnut flavoring.","agent-4.json"
"coconut-flakes","Shredded Coconut (sweetened flakes)","oz","14 oz bag","Baking & Spices","sweetened shredded coconut","Baking coconut flakes. Exclude coconut oil (existing), canned coconut milk (separate), fresh coconuts, coconut water.","agent-4.json"
"instant-pudding-mix","Instant Pudding Mix (dry box)","oz","3.4 oz box","Baking & Spices","instant pudding mix","Jell-O style dry instant pudding boxes. Exclude ready pudding cups (existing), gelatin boxes (existing), cook-and-serve ok to include.","agent-4.json"
"sugar-substitute","Sugar Substitute (stevia / sucralose)","oz","9.7 oz pouch","Baking & Spices","stevia sweetener","Zero-calorie sweetener, granulated pouch or packet box (Splenda/stevia/monk fruit). Exclude granulated sugar (existing), honey (existing), agave (separate).","agent-4.json"
"ground-flaxseed","Ground Flaxseed","oz","16 oz bag","Baking & Spices","ground flaxseed","Ground/milled flaxseed (whole seed also counts). Exclude flaxseed oil supplements, chia seeds (separate), bird seed.","agent-4.json"
"chia-seeds","Chia Seeds","oz","12 oz bag","Baking & Spices","chia seeds","Whole chia seeds. Exclude flaxseed (separate), chia drinks, supplement capsules.","agent-4.json"
"maraschino-cherries","Maraschino Cherries","oz","10 oz jar","Baking & Spices","maraschino cherries","Jarred maraschino cherries. Exclude fresh cherries (existing), cherry pie filling (separate), frozen cherries, dried cherries.","agent-4.json"
"quinoa","Quinoa (dry)","oz","16 oz bag","Pasta, Rice & Grains","quinoa","Plain dry quinoa. Exclude microwave ready-to-serve pouches, quinoa-rice blend boxed sides (separate seasoned mixes), quinoa salads (deli).","agent-4.json"
"couscous","Couscous","oz","10 oz box","Pasta, Rice & Grains","couscous","Regular or pearl couscous, plain or boxed seasoned. Exclude quinoa (separate), rice mixes (separate), orzo/pasta (existing).","agent-4.json"
"dried-pinto-beans","Dried Pinto Beans (bag)","lb","2 lb bag","Pasta, Rice & Grains","dry pinto beans","Dry bagged pinto beans. Exclude canned pinto (existing), refried beans (existing), chili beans (separate).","agent-4.json"
"dried-black-beans","Dried Black Beans (bag)","lb","1 lb bag","Pasta, Rice & Grains","dry black beans","Dry bagged black beans. Exclude canned black beans (existing), black bean soup, refried black beans.","agent-4.json"
"dried-lentils","Dried Lentils (bag)","lb","1 lb bag","Pasta, Rice & Grains","dry lentils","Dry brown/green lentils. Exclude canned lentil soup, split peas (separate), red lentil pasta.","agent-4.json"
"split-peas","Split Peas (dry, bag)","lb","1 lb bag","Pasta, Rice & Grains","green split peas","Dry green/yellow split peas. Exclude canned peas (existing), frozen peas (existing), lentils (separate), snap peas (produce).","agent-4.json"
"dried-navy-beans","Dried Navy / Great Northern Beans (bag)","lb","1 lb bag","Pasta, Rice & Grains","dry great northern beans","Dry white beans: navy, great northern. Exclude canned white beans (separate), baked beans (existing), lima beans ok to include.","agent-4.json"
"bean-soup-mix","Bean Soup Mix (15-bean, dry)","oz","20 oz bag","Pasta, Rice & Grains","15 bean soup mix","Hurst's HamBeens style dry multi-bean soup mix with seasoning. Exclude single-variety dry beans (separate), canned soups (existing), onion soup mix (separate).","agent-4.json"
"pearl-barley","Pearl Barley","oz","16 oz bag","Pasta, Rice & Grains","pearl barley","Dry pearled barley. Exclude barley-containing canned soups, malt beverages, cereal (existing).","agent-4.json"
"grits","Grits (corn, quick/old-fashioned)","oz","24 oz canister","Pasta, Rice & Grains","quick grits","Corn grits, quick or old-fashioned (instant packets ok). Exclude cream of wheat (separate), cornmeal (separate), oatmeal (existing), hominy (separate), frozen shrimp-and-grits meals.","agent-4.json"
"hot-wheat-cereal","Hot Wheat Cereal (Cream of Wheat / Malt-O-Meal)","oz","28 oz box","Pasta, Rice & Grains","cream of wheat","Hot wheat farina cereal. Exclude cold boxed cereal (existing), oatmeal (existing), grits (separate), Malt-O-Meal bagged COLD cereals.","agent-4.json"
"rice-noodles","Rice Noodles (pad thai / vermicelli)","oz","8 oz box","Pasta, Rice & Grains","rice noodles","Dry Asian rice noodles. Exclude ramen (existing), egg noodles (existing), Italian dry pasta (existing), rice (existing), frozen noodle meals.","agent-4.json"
"gnocchi","Gnocchi (shelf-stable)","oz","16 oz package","Pasta, Rice & Grains","potato gnocchi","Shelf-stable potato gnocchi. Exclude frozen or refrigerated gnocchi, regular dry pasta (existing), instant mashed potatoes (existing).","agent-4.json"
"seasoned-rice-mix","Seasoned Rice Mix (Rice-A-Roni / Knorr rice sides)","oz","6.8 oz box","Pasta, Rice & Grains","rice a roni","Flavored boxed/pouch rice side mixes. Exclude plain white/brown rice (existing), pasta sides (separate), microwave plain rice pouches. Collision watch with existing rice matcher.","agent-4.json"
"pasta-sides","Pasta Side Kits (Knorr / Pasta Roni)","oz","4.3 oz pouch","Pasta, Rice & Grains","knorr pasta sides","Seasoned pasta side-dish pouches/boxes. Exclude plain dry pasta (existing), boxed mac & cheese (existing), rice sides (separate), ramen (existing). Collision watch with existing pasta matcher.","agent-4.json"
"popcorn-kernels","Popcorn Kernels (unpopped)","oz","32 oz jar","Pasta, Rice & Grains","popcorn kernels","Jar/bag of unpopped popcorn kernels. Exclude microwave popcorn bags (existing), ready-popped bagged popcorn, caramel corn, popcorn seasoning.","agent-4.json"
"avocado-oil","Avocado Oil","floz","16.9 floz bottle","Coffee, Oils & Spreads","avocado oil","Avocado cooking oil. Exclude fresh avocados (existing), olive oil (existing), avocado oil SPRAY (existing cooking-spray family), mayo made with avocado oil.","agent-4.json"
"sesame-oil","Sesame Oil (toasted)","floz","5 floz bottle","Coffee, Oils & Spreads","toasted sesame oil","Sesame or toasted sesame oil. Exclude sesame seeds, tahini, soy sauce (existing), stir-fry sauces.","agent-4.json"
"peanut-oil","Peanut Oil","floz","24 floz bottle","Coffee, Oils & Spreads","peanut oil","Peanut frying oil. Exclude peanut butter (existing), peanuts (existing), vegetable/canola oil (existing).","agent-4.json"
"shortening","Vegetable Shortening (Crisco style)","oz","48 oz can","Coffee, Oils & Spreads","vegetable shortening crisco","Solid vegetable shortening, can or baking sticks. Exclude lard (separate), butter (existing), coconut oil (existing), liquid oils (existing).","agent-4.json"
"lard","Lard (manteca)","oz","16 oz carton","Coffee, Oils & Spreads","lard manteca","Rendered pork lard/manteca. Exclude vegetable shortening (separate), butter (existing), bacon (existing), tallow ok to include.","agent-4.json"
"almond-butter","Almond Butter","oz","16 oz jar","Coffee, Oils & Spreads","almond butter","Almond butter spread. Exclude peanut butter (existing), almond milk (existing), whole almonds (existing), hazelnut spread (separate).","agent-4.json"
"hazelnut-spread","Hazelnut Spread (Nutella style)","oz","13 oz jar","Coffee, Oils & Spreads","nutella hazelnut spread","Chocolate hazelnut spread. Exclude chocolate frosting (existing), almond/peanut butter (existing/separate), cocoa powder (existing), Nutella snack packs with breadsticks (single-serve).","agent-4.json"
"apple-butter","Apple Butter","oz","17 oz jar","Coffee, Oils & Spreads","apple butter","Apple butter spread. Exclude applesauce (existing), dairy butter (existing), jelly/jam (existing), fresh apples (existing).","agent-4.json"
"agave-nectar","Agave Nectar","oz","11.75 oz bottle","Coffee, Oils & Spreads","agave nectar","Agave syrup/nectar sweetener. Exclude honey (existing), pancake/maple syrup (existing), corn syrup (separate), sugar substitutes (separate).","agent-4.json"
"sunflower-butter","Sunflower Seed Butter","oz","16 oz jar","Coffee, Oils & Spreads","sunflower seed butter","SunButter style sunflower seed spread. Exclude peanut/almond butter (existing/separate), sunflower seeds (snack), sunflower oil.","agent-4.json"
"corn-chips","Corn Chips","oz","9.25 oz bag","Snacks & Drinks","corn chips","Fritos-style fried corn chips (Fritos, store brand). Must NOT match tortilla chips (on board), corn nuts, popcorn, canned corn, or chip variety multipacks.","agent-5.json"
"cheese-puffs","Cheese Puffs","oz","8.5 oz bag","Snacks & Drinks","cheese puffs","Cheetos-style puffs, curls, and barrel cheese balls. Must NOT match cheese crackers (on board), queso/cheese dip (on board), or white cheddar popcorn (belongs to ready-to-eat popcorn).","agent-5.json"
"pita-chips","Pita Chips","oz","7.3 oz bag","Snacks & Drinks","pita chips","Baked pita chips (Stacy's, store brand). Must NOT match fresh pita bread (on board), tortilla chips (on board), or bagel chips.","agent-5.json"
"veggie-straws","Veggie Straws","oz","7 oz bag","Snacks & Drinks","veggie straws","Vegetable straws and veggie chips (Sensible Portions, store brand). Must NOT match potato chips (on board), fresh vegetables, or veggie trays.","agent-5.json"
"pork-rinds","Pork Rinds","oz","5 oz bag","Snacks & Drinks","pork rinds","Fried pork rinds/chicharrones. Must NOT match fresh pork or bacon (on board), or pet chews like pig ears/rawhide.","agent-5.json"
"onion-snack-rings","Onion Snack Rings","oz","6 oz bag","Snacks & Drinks","funyuns","Funyuns-style onion flavored ring snacks (incl. store brand Onyums). Must NOT match frozen breaded onion rings, fresh onions (on board), or French fried onion toppers.","agent-5.json"
"corn-nuts","Corn Nuts","oz","4 oz bag","Snacks & Drinks","corn nuts","Toasted corn kernel snack (Corn Nuts brand, cantina style). Must NOT match corn chips (separate candidate), popcorn kernels, canned corn (on board), or peanuts (on board).","agent-5.json"
"bagged-popcorn","Ready-to-Eat Popcorn","oz","4.5-7 oz bag","Snacks & Drinks","popcorn bag","Pre-popped bagged popcorn incl. kettle corn, white cheddar, caramel corn, Cracker Jack. Must NOT match microwave popcorn (on board) or unpopped kernels (separate candidate).","agent-5.json"
"peanut-butter-pretzels","Peanut Butter Filled Pretzels","oz","15-44 oz bag or tub","Snacks & Drinks","peanut butter pretzels","PB-filled pretzel nuggets (Aldi and Sam's tubs, Utz). Must NOT match plain pretzels (on board), peanut butter jars (on board), or chocolate covered pretzels (candy).","agent-5.json"
"cashews","Cashews","oz","8.5-16 oz can or bag","Snacks & Drinks","cashews","Plain roasted/salted cashews, whole or halves and pieces. Must NOT match mixed nuts (on board), trail mix, candied or chocolate cashews, cashew milk, or cashew butter.","agent-5.json"
"pistachios","Pistachios","oz","8-16 oz bag","Snacks & Drinks","pistachios","In-shell or shelled roasted pistachios (Wonderful, store brand). Must NOT match mixed nuts (on board), trail mix, or pistachio flavored ice cream/pudding.","agent-5.json"
"sunflower-seeds","Sunflower Seeds","oz","5.25-16 oz bag","Snacks & Drinks","sunflower seeds","Roasted/salted sunflower seeds, in-shell or kernels. Must NOT match wild bird seed (household), trail mix, sunflower butter, or garden seed packets.","agent-5.json"
"pumpkin-seeds","Pumpkin Seeds","oz","5-10 oz bag","Snacks & Drinks","pumpkin seeds","Roasted pumpkin seeds/pepitas. Must NOT match bird seed, trail mix, fresh pumpkins, or garden seeds.","agent-5.json"
"trail-mix","Trail Mix","oz","14-26 oz bag","Snacks & Drinks","trail mix","Nut, dried fruit, and candy trail mixes. Must NOT match plain mixed nuts (on board), Chex-style snack mix (separate candidate), or granola (on board).","agent-5.json"
"snack-mix","Snack Mix","oz","8.75-15 oz bag","Snacks & Drinks","chex mix","Chex Mix, Gardetto's, and party mix style cereal-pretzel snack mixes. Must NOT match plain Chex cereal (cereal on board), trail mix (separate candidate), or plain pretzels (on board).","agent-5.json"
"dried-mango","Dried Mango","oz","6-20 oz bag","Snacks & Drinks","dried mango","Dried mango slices or strips. Must NOT match fresh mangoes (on board), frozen mango (frozen fruit on board), mango juice/nectar, or gummy fruit snacks (on board).","agent-5.json"
"dates","Dates","oz","8-16 oz tub or bag","Snacks & Drinks","medjool dates","Whole pitted or unpitted dates (medjool, deglet noor). Must NOT match date syrup, date-based snack bars (granola/protein bar family), or expiration-date false hits in item text.","agent-5.json"
"dried-apricots","Dried Apricots","oz","6-16 oz bag","Snacks & Drinks","dried apricots","Dried apricot halves. Must NOT match fresh apricots, canned apricots, apricot preserves (jelly on board), or baby food pouches.","agent-5.json"
"banana-chips","Banana Chips","oz","6-16 oz bag","Snacks & Drinks","banana chips","Sweetened dried banana chips. Must NOT match fresh bananas (on board), plantain chips, banana bread, or trail mix containing banana chips.","agent-5.json"
"animal-crackers","Animal Crackers","oz","13-24 oz bag or jug","Snacks & Drinks","animal crackers","Plain animal crackers (Stauffer's bags, big jugs). Must NOT match frosted circus animal cookies (packaged cookies on board), graham crackers (on board), or Teddy Grahams. Watch generic 'cracker' matcher overlap with crackers on board.","agent-5.json"
"sandwich-crackers","Sandwich Crackers","oz","8 pk (11 oz box)","Snacks & Drinks","cracker sandwiches","Filled cracker packs: toast with peanut butter, cheese crackers with cheddar (Lance, Ritz). Must NOT match plain saltine/buttery crackers (on board), cheese crackers (on board), or sandwich cookies (on board). Flag: 'cheese sandwich crackers' text can collide with cheese-crackers matcher.","agent-5.json"
"wheat-crackers","Wheat Snack Crackers","oz","8.5-14 oz box","Snacks & Drinks","wheat thins","Woven wheat and whole grain snack crackers (Wheat Thins, Triscuit, store brand). Must NOT match saltine/buttery crackers (on board), cheese crackers, or graham crackers. Existing crackers matcher may need a wheat/woven exclude.","agent-5.json"
"oyster-crackers","Oyster Crackers","oz","9 oz bag","Snacks & Drinks","oyster crackers","Small soup and chili oyster crackers. Must NOT match saltines (crackers on board) or fresh/canned oysters. Flag: existing crackers matcher likely needs an oyster exclude.","agent-5.json"
"sugar-wafers","Sugar Wafers","oz","8-12 oz pack","Snacks & Drinks","sugar wafers","Layered cream-filled wafer cookies, vanilla/strawberry/chocolate (Voortman, store brand). Must NOT match round vanilla wafers (separate candidate), packaged cookies (on board), or ice cream cones.","agent-5.json"
"vanilla-wafers","Vanilla Wafers","oz","11-12 oz box","Snacks & Drinks","vanilla wafers","Round vanilla wafer cookies for banana pudding (Nilla, store brand). Must NOT match layered sugar wafers (separate candidate), sandwich cookies (on board), or vanilla extract (on board).","agent-5.json"
"fig-bars","Fig Bars","oz","12-16 oz pack","Snacks & Drinks","fig bars","Fig and fruit-filled soft cookie bars (Newtons, Nature's Bakery). Must NOT match granola bars (on board), protein bars (on board), cereal bars (separate candidate), or fresh figs.","agent-5.json"
"gingersnaps","Gingersnaps","oz","12-16 oz box or bag","Snacks & Drinks","ginger snaps","Crisp gingersnap cookies (Nabisco, store brand). Must NOT match fresh ginger root (on board), gingerbread house kits (seasonal), or generic packaged cookies (on board); this is the specific gingersnap SKU.","agent-5.json"
"breakfast-biscuits","Breakfast Biscuits","oz","8.8 oz box (5 pk)","Snacks & Drinks","belvita","Belvita-style baked breakfast biscuit packs. Must NOT match refrigerated biscuit dough (separate candidate), bakery biscuits, granola bars (on board), or cookies (on board).","agent-5.json"
"cereal-bars","Cereal Bars","oz","10.4 oz box (8 ct)","Snacks & Drinks","cereal bars","Soft fruit-filled breakfast/cereal bars (Nutri-Grain, store brand). Must NOT match granola bars (on board), protein bars (on board), toaster pastries (on board), or fig bars (separate candidate).","agent-5.json"
"crispy-rice-treats","Crispy Rice Treats","oz","6.2-12.4 oz box","Snacks & Drinks","rice krispies treats","Packaged marshmallow crispy rice treat squares. Must NOT match Rice Krispies boxed cereal (cereal on board), marshmallow bags (on board), rice cakes (on board), or granola bars.","agent-5.json"
"snack-cakes","Snack Cakes","oz","10-16 oz multipack box","Snacks & Drinks","little debbie","Shelf snack cake multipacks: Swiss rolls, oatmeal creme pies, zebra/cosmic, Twinkies, Hostess cupcakes, honey buns. Must NOT match donuts incl. Donettes (donuts on board), bakery cupcakes (separate candidate), or bread buns; watch 'honey bun' colliding with hamburger/hot dog bun matchers.","agent-5.json"
"guacamole","Guacamole","oz","8-16 oz tub","Snacks & Drinks","guacamole","Refrigerated prepared guacamole tubs and mini cup packs. Must NOT match fresh avocados (on board), guac seasoning mix packets, hummus (on board), or salsa (on board).","agent-5.json"
"chip-dip","Chip Dip","oz","12-16 oz tub","Snacks & Drinks","french onion dip","Refrigerated dairy chip dips: French onion, ranch, dill (Dean's, store brand). Must NOT match queso/cheese dip (on board), salsa (on board), hummus (on board), bottled ranch dressing (on board), or plain sour cream (on board).","agent-5.json"
"pudding-mix","Pudding Mix","oz","3.4-5.1 oz box","Snacks & Drinks","instant pudding","Instant and cook-and-serve pudding/pie filling mix boxes (Jell-O, store brand). Must NOT match ready pudding cups (on board), gelatin boxes (on board), or canned pie filling.","agent-5.json"
"ice-cream-cones","Ice Cream Cones","each","24 ct box","Snacks & Drinks","ice cream cones","Boxed cake, sugar, and waffle cones. Must NOT match ice cream tubs (on board), Drumstick-style frozen cone novelties, or cone-shaped corn snacks (Bugles).","agent-5.json"
"chocolate-syrup","Chocolate Syrup","oz","24 oz bottle","Snacks & Drinks","chocolate syrup","Squeeze bottle chocolate syrup (Hershey's, store brand). Must NOT match cocoa powder (on board), hot cocoa mix (on board), pancake/maple syrup (on board), hot fudge jars, or RTD chocolate milk (on board).","agent-5.json"
"pineapple-juice","Pineapple Juice","floz","46 floz can","Snacks & Drinks","pineapple juice","100% pineapple juice cans/bottles (Dole). Must NOT match canned pineapple chunks or rings packed in juice (on board), pina colada mix, or tropical juice blends.","agent-5.json"
"grapefruit-juice","Grapefruit Juice","floz","52-64 floz bottle","Snacks & Drinks","grapefruit juice","Grapefruit juice and juice cocktail (Ocean Spray, Simply, store brand). Must NOT match fresh grapefruit (on board) or grapefruit flavored soda/sparkling water.","agent-5.json"
"vegetable-juice","Tomato / Vegetable Juice","floz","46 floz bottle","Snacks & Drinks","tomato juice","Tomato juice and vegetable juice blends (V8, Campbell's, store brand). Must NOT match tomato sauce, paste, diced tomatoes, or tomato soup (all on board), Bloody Mary mix, Clamato, or V8 Splash fruit drinks.","agent-5.json"
"prune-juice","Prune Juice","floz","48 floz bottle","Snacks & Drinks","prune juice","Prune juice (Sunsweet, store brand). Must NOT match dried prunes (separate candidate) or other 100% juices already on board.","agent-5.json"
"orange-drink","Orange Drink / Citrus Punch","floz","1 gal jug (128 floz)","Snacks & Drinks","sunny d","Orange flavored juice drinks and citrus punch gallon jugs (SunnyD, Tampico, store brand). Must NOT match 100% orange juice (on board), fruit punch (on board, watch 'punch' matcher overlap), or orange soda.","agent-5.json"
"juice-boxes","Juice Boxes / Pouches","floz","10 pk x 6 floz","Snacks & Drinks","capri sun","Kids multipack juice pouches and boxes (Capri Sun, Kool-Aid Jammers, Hi-C, 100% juice box packs). Multipacks only. Must NOT match single-bottle juices (apple, grape, etc. on board), applesauce pouches (on board), or baby juice.","agent-5.json"
"powdered-drink-mix","Powdered Drink Mix","oz","19-30 oz canister or packets","Snacks & Drinks","drink mix","Powdered drink mixes: Kool-Aid packets, Country Time lemonade, Tang, iced tea mix, Crystal Light. Must NOT match ready-to-drink lemonade/tea/punch (on board, watch 'lemonade' matcher overlap), sports drink powder (form of sports drinks on board), protein powder (separate candidate), or hot cocoa mix (on board).","agent-5.json"
"club-soda","Club Soda / Tonic Water","floz","33.8 floz (1 L)","Snacks & Drinks","club soda","Club soda and tonic water 1 L bottles. Must NOT match flavored sparkling water multipacks (on board, watch seltzer matcher overlap), soda pop (on board), or plain bottled water (on board).","agent-5.json"
"apple-cider","Apple Cider","floz","64 floz jug","Snacks & Drinks","apple cider","Drinking apple cider jugs, heaviest Sep-Dec. Must NOT match apple cider vinegar (on board, high collision risk), plain apple juice (on board), or hard cider (alcohol).","agent-5.json"
"coconut-water","Coconut Water","floz","33.8 floz carton","Snacks & Drinks","coconut water","Plain coconut water (Vita Coco, store brand). Must NOT match canned or carton coconut milk, coconut oil (on board), or shredded coconut.","agent-5.json"
"distilled-water","Distilled Water","gallon","1 gal jug","Snacks & Drinks","distilled water","Gallon distilled water jugs (formula mixing, CPAP, irons). Distilled only. Must NOT match bottled drinking water multipacks (on board), gallon spring/purified drinking water, sparkling water, or baby nursery water.","agent-5.json"
"rtd-coffee","RTD Iced Coffee","floz","13.7 floz bottle","Snacks & Drinks","iced coffee","Ready-to-drink bottled, canned, and carton iced coffee (Starbucks Frappuccino/Doubleshot, International Delight cartons, store brand). Must NOT match ground/instant coffee or pods (all on board), coffee creamer (on board), energy drinks (on board), or coffee flavor protein shakes (separate candidate).","agent-5.json"
"protein-shakes","Protein Shakes (RTD)","floz","4 pk x 11.5 floz","Snacks & Drinks","protein shake","Ready-to-drink protein and nutrition shakes (Premier Protein, Fairlife Core Power, Ensure, Boost, SlimFast). Must NOT match protein bars (on board), protein powder (separate candidate), plain milk (on board), or RTD iced coffee (separate candidate); coffee-flavor protein shakes belong here.","agent-5.json"
"protein-powder","Protein Powder","lb","2 lb tub","Snacks & Drinks","protein powder","Whey and plant protein powder tubs (Body Fortress, Premier, ON). Must NOT match RTD shakes (separate candidate), creatine/pre-workout/collagen supplements, powdered drink mix (separate candidate), or pancake mix.","agent-5.json"
"instant-breakfast","Instant Breakfast Mix","oz","12.5 oz box (10 pk)","Snacks & Drinks","carnation instant breakfast","Carnation Breakfast Essentials style powder packets mixed into milk. Must NOT match hot cocoa mix (on board, chocolate powder collision risk), protein powder tubs (separate candidate), Ovaltine/Nesquik powders, or cereal.","agent-5.json"
"corn-tortillas","Corn Tortillas","each","30 ct (27.5 oz)","Bread & Bakery","corn tortillas","White or yellow corn tortillas. Must NOT match flour tortillas (on board), tortilla chips (on board), taco shells (separate candidate), or tostadas (separate candidate).","agent-5.json"
"taco-shells","Taco Shells","each","12 ct box","Bread & Bakery","taco shells","Hard corn taco shells (Old El Paso, Ortega, store brand). Must NOT match soft tortillas (flour on board, corn separate candidate), tostada shells (separate candidate), taco dinner kits (composite), or taco seasoning.","agent-5.json"
"tostada-shells","Tostada Shells","each","22 ct (12.7 oz)","Bread & Bakery","tostadas","Flat fried tostada shells (Guerrero, Charras). Must NOT match hard taco shells (separate candidate), tortilla chips (on board), or corn tortillas (separate candidate).","agent-5.json"
"naan","Naan Flatbread","each","2 ct (8.8 oz)","Bread & Bakery","naan bread","Naan flatbread incl. garlic naan, full size 2 ct packs (Stonefire, store brand). Must NOT match pita bread (on board), mini naan dippers, flatbread pizza crusts (separate candidate), or tortillas.","agent-5.json"
"sandwich-thins","Sandwich Thins","each","8 ct (12 oz)","Bread & Bakery","sandwich thins","Thin sandwich rounds (Arnold/Brownberry Sandwich Thins, store brand). Must NOT match regular loaf bread (on board), hamburger buns (on board), bagel thins or mini bagels (bagels on board), or English muffins (on board).","agent-5.json"
"sub-rolls","Sub / Hoagie Rolls","each","6 ct pack","Bread & Bakery","hoagie rolls","Long sub, hoagie, and French sandwich rolls, bakery or bread aisle. Must NOT match hamburger or hot dog buns (on board), dinner rolls (on board), French bread loaves and baguettes (on board), or brat buns (hot dog bun family).","agent-5.json"
"kaiser-rolls","Kaiser Rolls","each","8 ct pack","Bread & Bakery","kaiser rolls","Bakery kaiser and hard sandwich rolls. Must NOT match hamburger buns (on board), sub/hoagie rolls (separate candidate), dinner rolls (on board), or pretzel buns.","agent-5.json"
"pizza-crust","Pizza Crust","oz","12-14 oz","Bread & Bakery","pizza crust","Ready-to-top pizza crusts (Boboli, Mama Mary's), refrigerated pizza dough tubes, fresh dough balls, and thin flatbread crusts. Must NOT match frozen topped pizza (on board), pizza sauce (on board), dry pizza crust mix boxes, or garlic bread (on board).","agent-5.json"
"biscuit-dough","Refrigerated Biscuit Dough","oz","16.3 oz can (8 ct)","Bread & Bakery","pillsbury biscuits","Canned refrigerated biscuit dough (Grands, store brand); frozen biscuit dough bags count. Must NOT match ready-to-eat bakery biscuits, Belvita breakfast biscuits (snack candidate), or dog biscuits (pet).","agent-5.json"
"crescent-rolls","Crescent Roll Dough","oz","8 oz can","Bread & Bakery","crescent rolls","Refrigerated crescent roll dough cans (Pillsbury, store brand). Must NOT match bakery croissants (on board), dinner rolls (on board), or cinnamon roll dough (separate candidate).","agent-5.json"
"cinnamon-rolls","Cinnamon Roll Dough","oz","12.4 oz can (8 ct)","Bread & Bakery","cinnamon rolls","Refrigerated cinnamon roll dough cans with icing (Pillsbury, Annie's, store brand). Must NOT match fresh bakery cinnamon rolls (danish candidate), honey buns (snack cakes candidate), or frozen Toaster Strudel.","agent-5.json"
"cookie-dough","Refrigerated Cookie Dough","oz","16.5 oz roll or pack","Bread & Bakery","cookie dough","Ready-to-bake refrigerated cookie dough rolls and break-apart packs (Toll House, Pillsbury, store brand). Must NOT match baked packaged cookies (on board), dry cookie mix pouches (separate candidate), or cookie dough ice cream.","agent-5.json"
"pie-crust","Pie Crust","oz","14.1 oz (2 ct)","Bread & Bakery","pie crust","Refrigerated rolled pie crusts and frozen deep dish pie shells. Must NOT match graham cracker crumb crusts, filled pies (bakery pie candidate), frozen pot pies, or canned pie filling.","agent-5.json"
"puff-pastry","Puff Pastry","oz","17.3 oz (2 sheets)","Bread & Bakery","puff pastry","Frozen puff pastry sheets and shells (Pepperidge Farm, Aldi seasonal). Must NOT match pie crusts (separate candidate), phyllo dough, croissants (on board), or toaster pastries (on board).","agent-5.json"
"cornbread-mix","Cornbread Mix","oz","8.5 oz box","Bread & Bakery","cornbread mix","Cornbread and corn muffin mix boxes (Jiffy, store brand). Must NOT match plain cornmeal (separate candidate), sweet muffin mixes (separate candidate), stuffing mix (on board), or pancake mix (on board).","agent-5.json"
"muffin-mix","Muffin Mix","oz","6.5-18 oz box","Bread & Bakery","muffin mix","Sweet muffin mix boxes: blueberry, banana nut, chocolate chip (Jiffy, Betty Crocker, Krusteaz). Must NOT match fresh bakery muffins (on board), corn muffin mix (cornbread candidate), pancake mix (on board), or cake mix (on board).","agent-5.json"
"croutons","Croutons","oz","5 oz bag","Bread & Bakery","croutons","Salad croutons incl. Texas toast style bags. Must NOT match stuffing mix (on board), bread crumbs or panko (on board), oyster crackers (snack candidate), or bagged bread.","agent-5.json"
"bakery-cupcakes","Bakery Cupcakes","each","6 ct pack","Bread & Bakery","cupcakes","Fresh in-store bakery cupcakes with frosting. Must NOT match packaged Hostess-style cupcakes (snack cakes candidate), bakery muffins (on board), or cake mix and frosting (on board).","agent-5.json"
"bakery-cookies","Bakery Cookies","each","12 ct tub","Bread & Bakery","bakery cookies","Fresh in-store bakery cookies, 12 ct tubs incl. Lofthouse-style frosted sugar cookies. Must NOT match aisle packaged cookies (on board), sandwich cookies (on board), or cookie dough and cookie mix (separate candidates).","agent-5.json"
"bakery-brownies","Bakery Brownies","oz","16 oz tray","Bread & Bakery","bakery brownies","Fresh bakery brownie trays and brownie bites. Must NOT match brownie mix (on board), cosmic brownies (snack cakes candidate), or brownie ice cream.","agent-5.json"
"bakery-pie","Bakery Pie","each","8 in pie (22-34 oz)","Bread & Bakery","apple pie","Whole bakery pies, fruit plus seasonal pumpkin (apple, cherry, peach). Must NOT match pie crusts (separate candidate), canned pie filling, snack size hand pies (snack cakes family), frozen pot pies, or frozen cream pies.","agent-5.json"
"angel-food-cake","Angel Food Cake","each","13 oz ring cake","Bread & Bakery","angel food cake","Bakery angel food ring cakes (summer berry display). Must NOT match angel food cake mix (cake mix on board), dessert shells (separate candidate), or pound cake.","agent-5.json"
"dessert-shells","Dessert Shells","each","6 ct (4.5 oz)","Bread & Bakery","dessert shells","Sponge cake dessert cups for strawberry shortcake, usually by the berries. Must NOT match angel food cakes (separate candidate), graham cracker crusts, or ice cream cones (snack candidate).","agent-5.json"
"bakery-danish","Danish / Sweet Rolls","each","4 ct pack","Bread & Bakery","danish","Bakery danishes, bear claws, and fresh-baked cinnamon and sweet rolls. Must NOT match donuts (on board), croissants (on board), muffins (on board), refrigerated cinnamon roll dough (separate candidate), or packaged honey buns (snack cakes candidate).","agent-5.json"
"cheesecake","Cheesecake","oz","17-32 oz","Bread & Bakery","cheesecake","Whole and sliced cheesecakes, bakery or frozen (Sara Lee). Must NOT match cream cheese blocks (on board), no-bake cheesecake mix boxes, or cheesecake flavored yogurt and pudding.","agent-5.json"
"dishwasher-rinse-aid","Dishwasher Rinse Aid","floz","8.45 floz bottle","Household","dishwasher rinse aid","Rinse aid additive only (Finish Jet-Dry or store brand). Must NOT match dishwasher detergent pacs/gel/powder (already on board as dishwasher-detergent) or dishwasher machine-cleaner tablets.","agent-6.json"
"laundry-scent-boosters","Laundry Scent Booster Beads","oz","10 oz bottle","Household","laundry scent booster beads","In-wash scent beads (Downy Unstopables, Gain Fireworks, store brand); collapse all scents. Must NOT match laundry detergent, pods, fabric softener, or dryer sheets (all already on board).","agent-6.json"
"color-catcher-sheets","Color Catcher Laundry Sheets","each","24 ct box","Household","color catcher laundry sheets","In-wash dye-trapping sheets (Shout Color Catcher or store brand), priced per sheet. Not dryer sheets (covered) and not laundry stain remover (covered).","agent-6.json"
"lint-rollers","Lint Rollers","each","2-pack, 60 sheets per roller","Household","lint roller","Adhesive-tape lint rollers; refill rolls collapse in. Exclude fabric shavers, pet-hair brushes, and packing tape.","agent-6.json"
"magic-erasers","Magic Eraser Cleaning Pads","each","4 ct pack","Household","magic eraser","Melamine-foam erasing pads (Mr. Clean Magic Eraser or store equivalent), priced per pad. Must NOT match regular cellulose dish sponges (covered as sponges) or scrub brushes.","agent-6.json"
"steel-wool-pads","Steel Wool Soap Pads","each","10 ct box","Household","steel wool soap pads","Soap-filled steel wool pads (S.O.S, Brillo, store brand); plain steel wool collapses in. Exclude cellulose sponges (covered), scouring powder (separate candidate), and copper scrubbers.","agent-6.json"
"rubber-gloves","Rubber Cleaning Gloves (reusable)","each","1 pair","Household","rubber cleaning gloves","Reusable latex/rubber household gloves priced per pair. Must NOT match disposable glove boxes (separate candidate disposable-gloves) or leather/work gloves.","agent-6.json"
"disposable-gloves","Disposable Gloves (nitrile/vinyl)","each","100 ct box","Household","disposable nitrile gloves","Single-use nitrile/vinyl/poly gloves priced per glove; food-prep and cleaning boxes collapse. Exclude reusable rubber pairs (separate candidate) and sterile medical exam packs.","agent-6.json"
"carpet-spot-cleaner","Carpet Spot & Stain Remover","floz","22 floz trigger spray","Household","carpet stain remover spray","Carpet/upholstery spot spray (Resolve, Woolite, store brand). Must NOT match laundry stain remover (covered as stain-remover), liquid floor cleaner (covered), carpet powder (separate candidate), or gallon carpet-machine solution.","agent-6.json"
"carpet-deodorizer-powder","Carpet Deodorizer Powder","oz","16-30 oz shaker","Household","carpet deodorizer powder","Sprinkle-and-vacuum rug deodorizing powder (Arm & Hammer, Glade). Must NOT match spray/solid air fresheners (covered as air-freshener) or cat-litter deodorizer (Pet candidate).","agent-6.json"
"stainless-steel-cleaner","Stainless Steel Cleaner","floz","12-16 oz spray or aerosol","Household","stainless steel cleaner","Appliance stainless cleaner/polish (Weiman or store brand); trigger and aerosol collapse. Exclude glass cleaner (covered), all-purpose cleaner (covered), furniture polish (covered), and cooktop cleaner kits.","agent-6.json"
"lime-scale-remover","Calcium, Lime & Rust Remover","floz","28 floz bottle","Household","calcium lime rust remover","CLR / Lime-A-Way style hard-water and rust removers. Must NOT match toilet bowl cleaner (covered), shower/bathroom cleaner (covered), or white vinegar (covered on food side).","agent-6.json"
"powder-cleanser","Powder Scouring Cleanser","oz","21 oz canister","Household","comet powder cleanser","Abrasive scouring powder canisters (Comet, Ajax, Bar Keepers Friend). Powder only; exclude spray all-purpose cleaner (covered as all-purpose-cleaner) and cream cleansers like Soft Scrub so per-oz stays comparable.","agent-6.json"
"washing-machine-cleaner","Washing Machine Cleaner","each","5 ct tablets","Household","washing machine cleaner tablets","Machine-cleaning tablets/pouches (Affresh, Tide Washing Machine Cleaner), priced per treatment. Cleans the machine, NOT laundry; must not match laundry detergent/pods/boosters (covered) or dishwasher products.","agent-6.json"
"sweeper-dry-refills","Sweeper Dry Cloth Refills","each","32 ct dry cloths","Household","sweeper dry cloth refills","Swiffer-style DRY sweeping cloth refills incl. store brand, priced per cloth. Exclude wet mopping pads, duster refills, mop heads, and liquid floor cleaner (covered as floor-cleaner).","agent-6.json"
"flushable-wipes","Flushable Wipes (adult)","each","42 ct pack","Household","flushable wipes","Adult moist bathroom/flushable wipes (Cottonelle, Dude Wipes, store brand), priced per wipe. Must NOT match baby wipes (covered), disinfecting wipes (covered), or makeup wipes (Personal Care candidate).","agent-6.json"
"paper-lunch-bags","Brown Paper Lunch Bags","each","50 ct pack","Household","brown paper lunch bags","Kraft lunch-size paper sacks, priced per bag. Exclude gift bags, grocery-size kraft bags, and plastic sandwich bags (covered as sandwich-bags).","agent-6.json"
"paper-bowls","Disposable Paper Bowls","each","50 ct pack, 12-20 oz bowls","Household","disposable paper bowls","Disposable paper/foam BOWLS priced per bowl. Deliberately separate from paper plates (covered as paper-plates); plates must NOT match this item. Exclude reusable plastic serving bowls.","agent-6.json"
"disposable-cups","Disposable Party Cups","each","50 ct, 16-18 oz plastic cups","Household","plastic party cups","Rigid plastic (Solo-style) or foam cold cups, priced per cup. Exclude paper hot/coffee cups, kids' reusable tumblers, and bottled drinks.","agent-6.json"
"plastic-cutlery","Plastic Cutlery","each","48 ct forks or combo pack","Household","plastic forks disposable cutlery","Disposable forks/spoons/knives or combo packs, priced per utensil. Exclude party cups/plates (separate items) and reusable flatware sets.","agent-6.json"
"drinking-straws","Drinking Straws","each","100 ct box","Household","drinking straws","Disposable plastic or paper straws priced per straw; flexible/smoothie variants collapse. Exclude reusable metal/silicone straws and juice boxes with straws.","agent-6.json"
"coffee-filters","Coffee Filters","each","200 ct basket-style","Household","coffee filters","Paper basket or cone filters priced per filter. Must NOT match coffee itself, K-Cups (covered as coffee-pods), instant coffee (covered), or reusable mesh filters.","agent-6.json"
"wax-paper","Wax Paper","each","75 sq ft roll","Household","wax paper roll","Waxed paper rolls priced per roll. A different product from parchment paper (covered as parchment-paper); parchment, freezer paper, plastic wrap (covered), and foil (covered) must NOT match.","agent-6.json"
"disposable-foil-pans","Disposable Foil Pans","each","2-3 ct 9x13 or roaster pans","Household","aluminum foil pans","Disposable aluminum baking/roasting/steam-table pans priced per pan. Must NOT match aluminum foil rolls (covered as aluminum-foil) or permanent metal bakeware.","agent-6.json"
"slow-cooker-liners","Slow Cooker Liners","each","4-6 ct box","Household","slow cooker liners","Crock-pot liner bags priced per liner. Exclude oven roasting bags, food storage bags (covered as storage-bags), and trash bags (covered).","agent-6.json"
"cupcake-liners","Cupcake Liners / Baking Cups","each","75-100 ct pack","Household","cupcake liners baking cups","Paper baking cups priced per liner. Exclude reusable silicone cups, parchment sheets (parchment covered), and foil pans (separate candidate).","agent-6.json"
"bamboo-skewers","Bamboo Skewers","each","100 ct pack","Household","bamboo skewers","Wood/bamboo grilling skewers priced per skewer; lengths collapse. Exclude metal skewers and toothpicks (separate candidate).","agent-6.json"
"food-storage-containers","Food Storage Containers (plastic, with lids)","each","set of 5-10 containers with lids","Household","plastic food storage containers","Ziploc/GladWare/Rubbermaid-style plastic meal-prep containers, priced per container in the multi-pack. Must NOT match food storage bags (covered as storage-bags); exclude glass sets and single premium containers.","agent-6.json"
"water-filter-cartridges","Water Filter Pitcher Replacement Cartridges","each","3 ct filters","Household","water filter pitcher replacement filters","Brita-compatible pitcher replacement cartridges priced per filter. Exclude complete pitchers, faucet-mount systems, and refrigerator filters.","agent-6.json"
"light-bulbs-led","LED Light Bulbs (60W-equivalent A19)","each","4 ct pack","Household","led light bulbs 60 watt","Standard A19 soft-white LED bulbs priced per bulb. Exclude smart bulbs, candelabra/flood/specialty shapes, and appliance bulbs. Not related to batteries (covered).","agent-6.json"
"lighters","Pocket Lighters","each","2 ct pack","Household","bic lighters","Disposable pocket lighters (BIC-style) priced per lighter. Exclude long-reach grill/utility wand lighters, matches, and butane refill cans.","agent-6.json"
"charcoal-lighter-fluid","Charcoal Lighter Fluid","floz","32 floz bottle","Household","charcoal lighter fluid","Petroleum lighter fluid for briquets. Must NOT match charcoal itself (covered as charcoal), fire-starter cubes, or butane.","agent-6.json"
"water-softener-salt","Water Softener Salt","lb","40 lb bag","Household","water softener salt pellets","Softener pellets/crystals (Morton, Diamond Crystal). Must NOT match table salt (covered on food side as salt), kosher/canning salt, pool salt, or winter ice melt.","agent-6.json"
"ant-roach-baits","Ant & Roach Bait Stations","each","6-8 ct bait stations","Household","ant bait stations","Enclosed ant/roach bait stations or gel bait, priced per station. Must NOT match aerosol home insect spray (covered as insect-spray), skin-applied repellent (Personal Care candidate), or mouse traps (separate candidate).","agent-6.json"
"mouse-traps","Mouse Traps","each","4 ct pack","Household","mouse traps","Snap or glue mouse traps priced per trap. Exclude rodent poison bait blocks, live-catch premium traps, and insect baits (separate candidate).","agent-6.json"
"scented-candles","Scented Jar Candles","each","1 jar, 14-20 oz","Household","scented jar candle","Jar/tumbler scented candles (Glade, Mainstays, store brand); collapse scents. Must NOT match air freshener sprays/plug-ins (covered as air-freshener), wax melts, birthday candles (separate candidate), or outdoor citronella.","agent-6.json"
"birthday-candles","Birthday Candles","each","24 ct pack","Household","birthday candles","Cake candles priced per pack count. Exclude scented jar candles (separate candidate), tea lights, and number-shaped premium candles collapse in if same aisle.","agent-6.json"
"toothpicks","Wooden Toothpicks","each","250-500 ct box","Household","wooden toothpicks","Round wooden toothpicks priced per pick. Exclude bamboo skewers (separate candidate) and dental floss picks (Personal Care candidate).","agent-6.json"
"dental-floss","Dental Floss","each","1 pack (40-55 yd) or 75 ct picks","Personal Care","dental floss","String floss or floss picks collapse, priced per pack. Must NOT match toothpaste/toothbrushes/mouthwash (all covered), wooden toothpicks (Household), or water flosser hardware.","agent-6.json"
"hairspray","Hairspray","oz","7-10 oz aerosol","Personal Care","hairspray","Aerosol or pump hairspray, any hold level collapses. Not a shampoo/conditioner variant (those are covered). Exclude travel sizes under 3 oz, dry shampoo, and mousse.","agent-6.json"
"hair-gel","Hair Styling Gel","oz","6-13 oz tube or tub","Personal Care","hair gel","Styling gel only. Exclude hairspray (separate candidate), mousse, pomade/paste, and shampoo/conditioner (covered). Travel sizes excluded.","agent-6.json"
"hair-color","Box Hair Color Kit","each","1 kit","Personal Care","hair color permanent kit","At-home box hair color kits (permanent or semi-permanent collapse), priced per kit; shades collapse. Exclude root touch-up sprays, salon developer/bleach components, and beard dye.","agent-6.json"
"hair-ties","Hair Ties / Elastics","each","30-100 ct pack","Personal Care","hair ties elastics","Elastic ponytail holders priced per pack count. Exclude bobby pins, headbands, scrunchie fashion packs, and salon-grade accessories.","agent-6.json"
"face-wash","Facial Cleanser / Face Wash","floz","6-8 floz","Personal Care","facial cleanser face wash","Liquid/foaming face-specific cleansers (Cetaphil, CeraVe, store brand). Must NOT match body wash (covered), bar soap (covered), hand soap (covered), makeup wipes (separate candidate), or acne spot treatments.","agent-6.json"
"facial-moisturizer","Facial Moisturizer","oz","1.7-4 oz","Personal Care","facial moisturizer","Face-specific daily moisturizer/cream, SPF versions collapse. Must NOT match body lotion (covered as lotion). Exclude serums, eye creams, and prestige anti-aging lines.","agent-6.json"
"sunscreen","Sunscreen","floz","8 floz lotion","Personal Care","sunscreen spf 50","General-use SPF 30-50 sunscreen; lotion and spray collapse, kids/sport variants collapse. Exclude after-sun aloe (separate candidate), SPF lip balm, small facial-only tubes, and travel sizes.","agent-6.json"
"aloe-vera-gel","Aloe Vera Gel (after-sun)","floz","12-16 floz","Personal Care","aloe vera gel","After-sun aloe gel. Must NOT match sunscreen (separate candidate), body lotion (covered), or drinkable aloe juice (food side).","agent-6.json"
"lip-balm","Lip Balm","each","3 ct sticks","Personal Care","lip balm chapstick","Balm sticks/tubes (ChapStick, Blistex, Carmex collapse), priced per stick. Exclude cold-sore treatments like Abreva, tinted lipstick/gloss, and SPF-only lip sunscreen.","agent-6.json"
"petroleum-jelly","Petroleum Jelly","oz","13 oz jar","Personal Care","petroleum jelly","100% petroleum jelly (Vaseline or store brand). Must NOT match body lotion (covered), baby oil (Baby candidate), or lip balm minis (separate candidate).","agent-6.json"
"cotton-balls","Cotton Balls","each","100-200 ct bag","Personal Care","cotton balls","Cotton balls or rounds collapse, priced per piece. Must NOT match cotton swabs (covered as cotton-swabs) or makeup wipes (separate candidate).","agent-6.json"
"makeup-remover-wipes","Makeup Remover Wipes","each","25 ct pack","Personal Care","makeup remover wipes","Facial cleansing towelettes priced per wipe. Must NOT match baby wipes (covered), flushable wipes (Household candidate), disinfecting wipes (covered), or micellar water bottles.","agent-6.json"
"nail-polish-remover","Nail Polish Remover","floz","6-10 floz bottle","Personal Care","nail polish remover","Acetone or non-acetone remover bottles collapse. Exclude nail polish itself, remover-soaked pads/jars, and salon gallon sizes.","agent-6.json"
"incontinence-underwear","Incontinence Protective Underwear","each","16-20 ct pack","Personal Care","incontinence underwear","Adult protective underwear (Depend, Always Discreet, store brand), sizes collapse, priced per count. Must NOT match feminine pads (covered as feminine-pads), bladder-control PADS (excluded to avoid collision), tampons (covered), or baby diapers (covered).","agent-6.json"
"insect-repellent","Insect Repellent (skin)","oz","6 oz aerosol","Personal Care","insect repellent spray","Skin-applied mosquito/tick repellent (OFF!, Repel, store brand; DEET or picaridin collapse). Must NOT match home insect killer spray (covered as insect-spray), ant baits (Household candidate), or citronella candles.","agent-6.json"
"ibuprofen","Ibuprofen 200mg","each","100 ct bottle","Personal Care","ibuprofen 200 mg","Adult 200mg tablets/caplets (Advil, Motrin, store brand), priced per tablet. Exclude children's/infants' liquid (Baby candidate), PM combo formulas, and naproxen/Aleve (different drug).","agent-6.json"
"acetaminophen","Acetaminophen 500mg","each","100 ct bottle","Personal Care","acetaminophen 500 mg","Adult extra-strength 500mg (Tylenol or store brand), priced per caplet. Exclude children's/infants' liquid (Baby candidate), PM/combo formulas, and 8-hour arthritis ER versions.","agent-6.json"
"low-dose-aspirin","Low-Dose Aspirin 81mg","each","120-300 ct bottle","Personal Care","low dose aspirin 81 mg","81mg enteric-coated low-dose aspirin, priced per tablet. Exclude full-strength 325mg aspirin and combo pain relievers (separate candidates cover ibuprofen/acetaminophen).","agent-6.json"
"allergy-medicine","Allergy Medicine (24hr antihistamine)","each","30-45 ct","Personal Care","allergy relief loratadine","24-hour non-drowsy antihistamine tablets (loratadine/cetirizine/fexofenadine; Claritin/Zyrtec/store brand collapse), priced per tablet. Exclude diphenhydramine/Benadryl, children's liquids, and nasal sprays.","agent-6.json"
"antacid-tablets","Antacid Tablets","each","72-96 ct bottle","Personal Care","antacid tablets","Calcium-carbonate chewables (Tums or store brand), priced per tablet. Exclude famotidine/omeprazole acid reducers, liquid bismuth (Pepto), and gas-relief simethicone.","agent-6.json"
"cold-flu-medicine","Cold & Flu Medicine","each","24 ct caps or 12 floz bottle","Personal Care","cold and flu medicine","Multi-symptom day/night cold-flu relief (DayQuil/NyQuil or store equivalent), priced per package. Exclude children's versions, single-ingredient cough syrup, cough drops (separate candidate), and zinc remedies.","agent-6.json"
"cough-drops","Cough Drops","each","30-80 ct bag","Personal Care","cough drops","Menthol throat lozenges (Halls, Ricola, store brand), priced per drop. Exclude candy mints (food side), zinc lozenges, and liquid cold medicine (separate candidate).","agent-6.json"
"bandages","Adhesive Bandages","each","60-100 ct assorted box","Personal Care","adhesive bandages","Adhesive bandage strips (Band-Aid or store brand), assorted sizes collapse, priced per bandage. Exclude gauze pads/rolls, medical tape, liquid bandage, and premium blister care.","agent-6.json"
"antibiotic-ointment","Triple Antibiotic Ointment","oz","0.5-1 oz tube","Personal Care","triple antibiotic ointment","Neosporin-style triple antibiotic ointment. Exclude hydrocortisone (separate candidate), antifungal creams (separate), burn gel, and petroleum jelly (separate).","agent-6.json"
"hydrocortisone-cream","Hydrocortisone Cream 1%","oz","1 oz tube","Personal Care","hydrocortisone cream 1%","1% anti-itch hydrocortisone cream. Exclude antibiotic ointment (separate), antifungal cream (separate), calamine lotion, and prescription strengths.","agent-6.json"
"antifungal-cream","Antifungal Cream","oz","1 oz tube","Personal Care","athletes foot antifungal cream","Clotrimazole/tolnaftate/terbinafine athlete's-foot and jock-itch creams collapse. Exclude powders and sprays (different per-oz math), vaginal antifungal kits, and hydrocortisone (separate).","agent-6.json"
"topical-pain-relief-cream","Muscle Rub / Topical Pain Relief Cream","oz","2-4 oz tube","Personal Care","muscle rub pain relief cream","Menthol muscle rubs (Icy Hot, Bengay, store brand). Exclude lidocaine patches (different form/price), oral pain relievers (separate candidates), and CBD-marketed rubs.","agent-6.json"
"rubbing-alcohol","Rubbing Alcohol","floz","32 floz bottle, 70%","Personal Care","isopropyl rubbing alcohol","70-91% isopropyl alcohol collapse. Must NOT match hand sanitizer (covered as hand-sanitizer), hydrogen peroxide (separate candidate), or alcohol prep pads.","agent-6.json"
"hydrogen-peroxide","Hydrogen Peroxide","floz","32 floz bottle, 3%","Personal Care","hydrogen peroxide","3% first-aid hydrogen peroxide. Exclude rubbing alcohol (separate candidate), peroxide-based cleaning sprays, and teeth-whitening products.","agent-6.json"
"multivitamins","Adult Multivitamins","each","100-200 ct bottle","Personal Care","adult multivitamin","Adult daily multivitamin tablets or gummies (Centrum, One A Day, store brand), priced per count. Exclude single-nutrient vitamins (D3, C), prenatal, children's vitamins, and protein/collagen powders.","agent-6.json"
"melatonin","Melatonin","each","60-120 ct gummies or tablets","Personal Care","melatonin 5 mg","Melatonin 3-10mg tablets/gummies collapse, priced per count. Exclude diphenhydramine sleep aids (ZzzQuil/Unisom) and kids' melatonin.","agent-6.json"
"fiber-supplement","Fiber Supplement Powder","oz","20-48 oz canister","Personal Care","fiber supplement powder","Psyllium/methylcellulose powder (Metamucil or store brand). Exclude fiber gummies/capsules (different per-dose math), fiber snack bars (food side), and laxative pills.","agent-6.json"
"eye-drops","Lubricating Eye Drops","each","0.5-1 floz bottle","Personal Care","lubricating eye drops","Artificial tears / redness-relief drops collapse, priced per bottle. Exclude contact lens solution (separate candidate), prescription drops, and pink-eye treatments.","agent-6.json"
"contact-solution","Contact Lens Solution","floz","12 floz bottle","Personal Care","contact lens solution","Multipurpose contact solution (Opti-Free, Biotrue, store brand). Exclude hydrogen-peroxide lens systems, rewetting/eye drops (separate candidate), and lens cases.","agent-6.json"
"epsom-salt","Epsom Salt","lb","4 lb bag","Personal Care","epsom salt","Magnesium sulfate soaking salt; scented soak versions collapse. Must NOT match table salt (food side), water softener salt (Household candidate), or bath bombs.","agent-6.json"
"denture-cleanser","Denture Cleanser Tablets","each","78-120 ct box","Personal Care","denture cleanser tablets","Effervescent denture cleaning tablets (Polident, Efferdent, store brand), priced per tablet. Exclude denture adhesive cream (different product) and toothpaste (covered).","agent-6.json"
"training-pants","Training Pants (potty training)","each","44-74 ct box","Baby","training pants pull-ups","Pull-Ups/Easy Ups-style potty training pants, all sizes collapse, priced per pant. Must NOT match regular diapers (covered as diapers), overnight diapers, or swim diapers. Distinct product stage from diapers.","agent-6.json"
"baby-cereal","Baby Cereal (infant oatmeal/rice)","oz","8 oz canister","Baby","baby oatmeal cereal","Infant rice/oatmeal cereal canisters (Gerber, Beech-Nut, store brand). Must NOT match adult oatmeal (covered as oatmeal), baby food jars/pouches (covered as baby-food), or toddler snack bars.","agent-6.json"
"baby-puffs-snacks","Baby Puffs / Toddler Snacks","oz","1.48 oz canister","Baby","baby puffs","Baby/toddler puff snacks and yogurt melts collapse (Gerber, Happy Baby, store brand). Must NOT match baby food jars/pouches (covered) or regular chips/crackers (food side).","agent-6.json"
"diaper-rash-cream","Diaper Rash Cream","oz","4 oz tube","Baby","diaper rash cream","Zinc-oxide rash cream/paste (Desitin, Boudreaux's Butt Paste, store brand). Exclude petroleum jelly (Personal Care candidate), baby lotion, and baby powder (separate candidate).","agent-6.json"
"baby-powder","Baby Powder","oz","15-22 oz bottle","Baby","baby powder","Cornstarch (talc-free) baby powder. Must NOT match carpet deodorizer powder (Household candidate), adult body/foot powders, or cornstarch sold for baking (food side, covered as cornstarch).","agent-6.json"
"baby-oil","Baby Oil","floz","14-20 floz bottle","Baby","baby oil","Mineral baby oil (Johnson's or store brand). Must NOT match body lotion (covered as lotion), petroleum jelly (Personal Care candidate), cooking oils (food side), or adult massage oils.","agent-6.json"
"childrens-pain-reliever","Children's Pain Reliever (liquid)","floz","4 floz bottle","Baby","childrens acetaminophen liquid","Infants'/children's acetaminophen or ibuprofen liquid suspension (Tylenol/Motrin/store brand collapse). Must NOT match adult tablets (Personal Care candidates ibuprofen/acetaminophen) or kids' multi-symptom cold medicine.","agent-6.json"
"pediatric-electrolyte","Pediatric Electrolyte Solution","floz","33.8 floz (1 liter) bottle","Baby","pediatric electrolyte solution","Pedialyte-style pediatric electrolyte solution incl. store brand; flavors collapse. Must NOT match sports drinks (covered as sports-drinks), adult electrolyte powders, or juice (covered).","agent-6.json"
"infant-gas-drops","Infant Gas Relief Drops","floz","1 floz bottle","Baby","infant gas drops simethicone","Simethicone infant gas drops (Mylicon, Little Remedies, store brand). Exclude gripe water (different product), adult gas relief, and colic probiotic drops.","agent-6.json"
"diaper-pail-refills","Diaper Pail Refill Cassettes","each","3 ct cassettes","Baby","diaper genie refills","Diaper Genie-style pail refill cassettes priced per cassette. Must NOT match regular trash bags (covered as trash-bags) or scented diaper disposal sacks (different product/price).","agent-6.json"
"wet-dog-food","Wet Dog Food (canned)","oz","13 oz can","Pet","canned wet dog food","Canned/wet dog food priced per oz; flavors and life stages collapse. Existing dog-food covers DRY only, and dry must NOT match here. Exclude food toppers/broths and dog treats (covered as dog-treats).","agent-6.json"
"wet-cat-food","Wet Cat Food (cans/pouches)","oz","5.5 oz can or 3 oz multipack","Pet","canned wet cat food","Canned or pouch wet cat food priced per oz; flavors collapse. Existing cat-food covers DRY only; dry must NOT match. Exclude cat treats (separate candidate) and lickable squeeze treats.","agent-6.json"
"cat-treats","Cat Treats","oz","3 oz pouch","Pet","cat treats","Crunchy/soft cat treats (Temptations, store brand); flavors collapse. Must NOT match dog treats (covered as dog-treats), wet cat food (separate candidate), squeeze-tube treats, or catnip.","agent-6.json"
"dog-poop-bags","Dog Waste Bags","each","120 ct roll pack","Pet","dog waste bags","Pet waste pickup bags priced per bag; dispenser combos collapse. Must NOT match kitchen trash bags (covered as trash-bags), sandwich bags (covered), or diaper sacks.","agent-6.json"
"puppy-pads","Puppy Training Pads","each","50 ct pack","Pet","puppy training pads","Absorbent pet training pads priced per pad. Exclude human incontinence bed pads, baby diapers/changing pads, and paper towels (covered).","agent-6.json"
"wild-bird-seed","Wild Bird Seed","lb","10 lb bag","Pet","wild bird seed","Wild bird seed mix or black-oil sunflower for feeders. Must NOT match snack peanuts/mixed nuts or sunflower seeds for people (food side, covered), suet cakes, or caged-bird (parakeet) food.","agent-6.json"
"flea-tick-treatment-dog","Flea & Tick Treatment (dog)","each","3-dose applicator pack","Pet","flea and tick treatment for dogs","Topical monthly applicators or chewable flea/tick treatment priced per dose (Frontline, Hartz, PetArmor, store brand); dog weight tiers collapse. Exclude flea collars, flea shampoo, cat products (separate candidate), and home foggers (Household insect-spray covered).","agent-6.json"
"flea-tick-treatment-cat","Flea Treatment (cat)","each","3-dose applicator pack","Pet","flea treatment for cats","Cat-specific topical flea treatment priced per dose. Exclude dog products (separate candidate), flea collars, flea shampoo, and litter (covered as cat-litter).","agent-6.json"
"cat-litter-deodorizer","Cat Litter Deodorizer","oz","20-30 oz shaker","Pet","cat litter deodorizer","Litter-box deodorizing powder (Arm & Hammer). Must NOT match cat litter itself (covered as cat-litter), carpet deodorizer powder (Household candidate), or plain baking soda (food side, covered).","agent-6.json"
"fish-food","Fish Food Flakes","oz","2-3 oz container","Pet","fish food flakes","Tropical/goldfish flakes or pellets collapse. Exclude aquarium hardware/filters, wild bird seed (separate candidate), and pond-size buckets.","agent-6.json"
