q|n|lp|up|id
hot dogs|Bar-S Classic Jumbo Franks, 8 Count, 1lb|$1.77|$1.77/lb|10290742
hot dogs|Bar-S Classic Franks, 8-Count, 12 oz|$1.00|$1.33/lb|10290749
long grain white rice|Success Boil-in-Bag Rice, Precooked Long Grain White Rice, Gluten Free, 32 oz Bags, 6 Count|$4.48|$0.14/oz|10290889
long grain white rice|Mahatma Basmati Rice, Fragrant Extra Long Grain Rice, Gluten Free, 2 lb Bag|$3.97|$0.124/oz|10290890
bacon|HORMEL BLACK LABEL Bacon, Gluten Free, Fully Cooked, Shelf Stable, 2.52 oz Plastic Package|$4.48|$28.00/lb|10290933
sliced deli ham|Hormel Natural Choice Honey Ham Deli Lunchmeat, 8 oz Resealable Package|$4.97|$9.94/lb|10290962
bacon|HORMEL BLACK LABEL Original Bacon, Gluten Free, Refrigerated, 16 oz Plastic Package|$5.97|$5.97/lb|10290981
pasta sauce marinara|RAG Old World Style Marinara Pasta Sauce, 23.9 oz|$2.48|$0.104/oz|10291040
butter|Land O Lakes Butter with Canola Oil, Spreadable, 15 oz Tub|$3.92|$0.261/oz|10291056
butter|Land O Lakes Salted Stick Butter, 16 oz box, 4 Sticks|$4.46|$0.279/oz|10291058
butter|Land O Lakes Unsalted Butter, 4 Sticks, 1 lb Pack|$4.46|$0.279/oz|10291059
butter|Land O Lakes Salted Whipped Butter, Spreadable, 8 oz Tub|$3.42|$0.428/oz|10291061
yogurt|Dannon Plain Whole Milk Yogurt Quart, 32 oz|$3.24|$0.101/oz|10291171
butter|Blue Bonnet Original Vegetable Oil Spread Sticks, 16 oz (4 Sticks)|$1.28|$0.08/oz|10291399
butter|Country Crock Original Buttery Spread, 15 oz Tub (Refrigerated)|$3.43|$0.229/oz|10291535
butter|Country Crock Original Buttery Spread, 45 oz Tub|$6.82|$0.152/oz|10291546
mayonnaise|Hellmann's Olive Oil Mayonnaise, Sandwich Spread Condiments, 30 fl oz Jar|$6.47|$0.216/fl oz|10291719
mayonnaise|Hellmann’s Real Mayonnaise Condiments, 15 fl oz Jar|$4.22|$0.281/fl oz|10291726
mayonnaise|Hellmann's Light Mayonnaise, 15 Fl Oz|$4.22|$0.281/fl oz|10291729
mayonnaise|Best Foods Real Mayonnaise, Sandwich Spread Condiments, 30 fl oz|$6.47|$0.216/fl oz|10291731
mayonnaise|Hellmann's Light Mayonnaise, Sandwich Spread Condiments, 30 fl oz Jar​|$6.47|$0.216/fl oz|10291733
granulated sugar|Domino Premium Pure Cane Granulated Sugar, 1 lb Box|$12.98|$0.811/oz|10291744
granulated sugar|Domino: Pure Cane Granulated Sugar, 4 Lb|$19.49|$0.305/oz|10291746
mayonnaise|Best Foods Mayonnaise Real Mayo, 48 fl oz|$8.97|$0.187/fl oz|10291786
granulated sugar|Domino Premium Pure Cane Granulated Sugar, 10 lb|$10.88|$0.068/oz|10291791
flour tortillas|Guerrero Fresquiricas Flour Tortillas, Soft Taco Size, 10 Count|$2.66|$0.177/oz|10291952
granulated sugar|Sugar In The Raw, Granulated Turbinado Cane Sugar, 2 LB Box, All-Natural Turbinado Sugar|$4.36|$0.136/oz|10292113
flour tortillas|CHI-CHI'S  Flour Tortillas  Taco Size, Tortilla Wrap, 12 oz Resealable Package, (12 Count)|$1.92|$0.16/oz|10292253
flour tortillas|CHI-CHI'S Flour Tortillas Burrito Size, Tortilla Wrap, Shelf-Stable, 17 oz Resealable Package, (8 Tortillas)|$2.22|$0.131/oz|10292254
bacon|Oscar Mayer Real Bacon Bits, 3 oz Bag, 0.5-1 cup|$3.48|$1.16/oz|10292741
sliced deli ham|Oscar Mayer Deli Fresh Honey Uncured Ham, 9 oz Pack|$3.97|$7.09/lb|10292751
ground turkey|JENNIE-O Fresh Lean Ground Turkey, 93% Lean/7% Fat, All Natural, Refrigerated, 3 lb Plastic Tray|$15.92|$5.31/lb|10292757
ground turkey|JENNIE-O Ground Turkey All Natural, 85/15%, Roll, 1 Pound, 17 Grams of Protein per Serving|$4.44|$4.44/lb|10292758
frozen pizza|Red Baron Four Cheese Classic Crust Frozen Pizza, 21.06 oz|$4.82|$0.229/oz|10292879
butter|Tillamook Extra Creamy Salted Butter Sticks, 4 Count 16 oz|$5.96|$0.373/oz|10292903
butter|Tillamook Extra Creamy Unsalted Butter Sticks, 4 Count, 16 oz|$5.96|$0.373/oz|10292904
frozen pizza|Red Baron Supreme Classic Crust Frozen Pizza, 23.46 oz|$4.82|$0.205/oz|10292910
frozen pizza|Red Baron Pepperoni Classic Crust Frozen Pizza, 20.61 oz, Mozzarella Cheese Pizza, Contains Milk, Wheat & Soy|$4.82|$0.234/oz|10292912
frozen pizza|DiGiorno Hand-Tossed Style Crust Supreme Personal Pizza, Frozen Pizza 10 oz. Contains Milk. (Frozen)|$3.97|$0.397/oz|10293065
bacon|Oscar Mayer Gluten Free Fully Cooked Turkey Bacon with 55% Less Fat & 44% Less Sodium, 12 oz Pack, About 18 slices|$4.48|$5.97/lb|10293339
american cheese slices|Sandwich Mate Imitation Cheese Food, 16 ea|$1.47|$0.137/oz|10293351
bacon|Great Value Naturally Hickory Smoked Sliced Bacon, 16 oz|$4.18|$4.18/lb|10293911
bacon|Great Value Naturally Hickory Smoked Thick Cut Sliced Bacon, 24 oz|$8.97|$5.98/lb|10293912
ground coffee|Starbucks Italian Roast, Ground Coffee, Dark Roast Hot or Iced Coffee, 12 oz|$6.64|$0.553/oz|10294423
ground coffee|Seattle’s Best Coffee, Portside, Medium Roast, Ground Coffee, 100% Arabica, 12 oz|$8.56|$0.713/oz|10294599
spaghetti|American Beauty Spaghetti Pasta, 16 oz– Traditional Pasta for Italian Style Dishes|$1.33|$0.083/oz|10294997
spaghetti|American Beauty Spaghetti Pasta, 12-Pack (24 oz Each) – Traditional Enriched Pasta for Classic Italian Style Dishes|$2.17|$0.09/oz|10294998
spaghetti|American Beauty Thin Spaghetti Pasta, 16 ounce bag|$1.33|$0.083/oz|10295001
cream cheese|Philadelphia Whipped Cream Cheese Spread, 1 Tub, for Smooth, Spreadable Mornings, Original, No Artificial Preservatives, Flavors or Dyes, 12 oz|$5.44|$0.453/oz|10295486
american cheese slices|Kraft Deli Deluxe American Cheese Slices, 12 oz Pack, 16 Slices|$5.98|$0.498/oz|10295521
american cheese slices|Kraft Deli Deluxe American Cheese Slices, 16 oz Pack, 24 Slices|$7.28|$0.455/oz|10295522
american cheese slices|Kraft Deli Deluxe White American Cheese Slices, 16 oz Pack, 24 Slices|$7.28|$0.455/oz|10295523
american cheese slices|Velveeta Slices Original Cheese, 16 ct Pack|$2.97|$0.248/oz|10295536
cream cheese|Philadelphia Cream Cheese, 1 Block, for Recipes and Baking, Original Style, No Artificial Preservatives, Flavors or Dye, 8 oz|$2.98|$0.373/oz|10295545
cream cheese|Philadelphia Neufchatel Cheese, 1 Block, for Recipes and Baking, 1/3 Less Fat, No Artificial Preservatives, Flavors or Dyes, 8 oz|$2.98|$0.373/oz|10295547
cream cheese|Philadelphia Whipped Cream Cheese Spread, 1 Tub, for Smooth, Spreadable Mornings, Original, No Artificial Preservatives, Flavors or Dyes, 8 oz|$3.97|$0.496/oz|10295591
american cheese slices|Kraft Deli Deluxe 2% Milk American Cheese Slices, 16 oz Pack, 24 Slices|$7.28|$0.455/oz|10295643
mayonnaise|Kraft Real Mayo Creamy & Smooth Mayonnaise, 48 fl oz Jar|$7.92|$0.165/fl oz|10295669
navel oranges|Dole Mandarin Oranges in 100% Fruit Juice, 23.5 oz Jar|$4.77|$0.203/oz|10304408
butter|I Cant Believe Its Not Butter! Original, a NutriRich Buttery Spread, 15 oz Tub|$3.97|$0.265/oz|10306827
butter|I Cant Believe Its Not Butter! Light, a NutriRich Buttery Spread, 15 oz Tub|$3.97|$0.265/oz|10306828
cottage cheese|Lactaid Lactose Free Low-Fat Cottage Cheese, 16 Oz.|$3.67|$0.229/oz|10307323
sliced deli ham|Land O' Frost Premium Pork, Smoked Ham, Deli Lunch Meat, 1 lb, Resealable Plastic Pouch|$6.24|$6.24/lb|10307893
sliced deli ham|Land O'Frost Premium Sandwich Sliced Fresh Deli Lunch Meat, Honey Ham, 1 lb Resealable Pouch|$6.24|$6.24/lb|10307895
orange juice|SUNNYD Smooth Orange Juice Drink, 1 Gallon Bottle|$3.68|$0.029/fl oz|10308037
orange juice|SunnyD Tangy Original Orange Juice Drink, 1 Gallon Bottle|$3.68|$0.029/fl oz|10308038
pasta sauce marinara|Grill Mates Montreal Steak Seasoning, 3.4 oz Bottle|$1.97|$0.579/oz|10308051
peanut butter|Smuckers Natural Creamy Peanut Butter, 16 oz Jar|$4.48|$0.28/oz|10308119
peanut butter|Smucker’s Organic Creamy Peanut Butter, 16 oz Jar|$5.68|$0.355/oz|10308151
peanut butter|Smuckers Natural Creamy Peanut Butter, 26 oz Jar|$5.97|$0.23/oz|10308155
peanut butter|Jif Creamy Peanut Butter, 4-Pound Can|$11.12|$0.174/oz|10308184
peanut butter|Jif Creamy Peanut Butter, 40 oz Jars (2 Pack)|$13.44|$0.168/oz|10308187
peanut butter|Jif Creamy Peanut Butter, 40 oz Jar|$6.97|$0.174/oz|10308250
peanut butter|Jif Extra Crunchy Peanut Butter, 40-oz Jar|$6.97|$0.174/oz|10308251
mayonnaise|Duke's® Real Mayonnaise, 30 oz Jar, Smooth & Creamy Mayo|$4.98|$0.166/fl oz|10308769
mayonnaise|Duke's® Real Mayonnaise, 18 oz Squeeze Bottle, Smooth & Creamy Mayo|$4.98|$0.277/fl oz|10308770
mayonnaise|McCormick Mayonesa (Mayonnaise) With Lime Juice, 14.0 fl oz Jar|$4.82|$0.344/fl oz|10308990
mayonnaise|McCormick Mayonesa (Mayonnaise) With Lime Juice, 28.0 fl oz Jar|$7.44|$0.266/fl oz|10308991
american cheese slices|Crystal Farms Individually Plastic Wrapped American Cheese Product, 12 oz., 16 Slices, Refrigerated|$2.94|$0.245/oz|10309139
american cheese slices|Crystal Farms Sliced American Cheese, 48 oz, 72 Count, Refrigerated, Plastic Pack|$11.96|$0.249/oz|10309146
spaghetti|Barilla Classic Non-GMO, Kosher Certified Spaghetti Pasta, 16 oz|$1.84|$0.115/oz|10309153
spaghetti|Barilla Classic Non-GMO, Kosher Certified Thin Spaghetti Pasta Noodles, 16 oz|$1.84|$0.115/oz|10309154
spaghetti|Barilla Classic Non-GMO, Kosher Certified Thick Spaghetti Pasta, 16 oz|$1.84|$0.115/oz|10309191
spaghetti|Barilla Classic Non-GMO, Kosher Certified Spaghetti Pasta, 32 oz|$3.12|$0.098/oz|10309210
spaghetti|Barilla Protein+ Spaghetti Pasta, Plant Based Pasta, 14.5oz|$2.84|$0.196/oz|10309216
whole chicken|Valley Fresh Organic Chicken Breast, in Water, 5 oz Can|$9.19|$29.65/lb|10309223
vanilla ice cream|Ben & Jerry's Chubby Hubby Vanilla Ice Cream Kosher Milk Cage-Free Eggs, 1 Pint|$4.87|$0.304/fl oz|10309245
vanilla ice cream|Ben & Jerry's Chocolate Chip Cookie Dough Vanilla Ice Cream Pint, 16 fl oz|$4.87|$0.304/fl oz|10309251
vanilla ice cream|Ben & Jerry's Americone Dream Vanilla Ice Cream Pint, 16 fl oz|$4.87|$0.304/fl oz|10309259
hot dogs|Hebrew National Jumbo Beef Franks, 12 oz, 4 Count|$5.74|$0.478/oz|10309276
flour tortillas|Mission Super Soft Flour Tortillas, Soft Taco Size, 10 Count|$2.53|$0.145/oz|10309357
flour tortillas|Mission Super Soft Flour Tortillas, Burrito Size, 8 Count|$3.48|$0.174/oz|10309358
sour cream|Daisy Pure and Natural Light Sour Cream, 50% Less Fat, 8 oz Tub (Refrigerated)|$1.74|$0.218/oz|10309447
sour cream|Daisy Pure and Natural Sour Cream, 8 oz Tub (Refrigerated)|$1.74|$0.218/oz|10309448
sour cream|Daisy Pure and Natural Sour Cream, 16 oz (1 lb) Tub (Refrigerated)|$2.64|$0.165/oz|10309449
sour cream|Daisy Pure and Natural Light Sour Cream, 50% Less Fat, 16 oz (1 lb) Tub (Refrigerated)|$2.64|$0.165/oz|10309451
sour cream|Daisy Pure and Natural Sour Cream, 24 oz (1.5 lb) Tub (Refrigerated)|$3.72|$0.155/oz|10309452
pasta sauce marinara|Barilla Pasta Sauce, Marinara, 24 oz., No Added Sugar, Gluten Free|$5.00|$0.208/oz|10309677
milk gallon|Horizon Organic Vitamin D 2 Percent Milk, Vitamin D Reduced Fat, 64 fl oz Carton|$5.96|$0.093/fl oz|10309700
milk gallon|Horizon Organic Vitamin D Whole Milk, Vitamin D Whole, 64 fl oz Carton|$5.96|$0.093/fl oz|10309701
all purpose flour|Gold Medal All Purpose Flour, Baking Flour, 10 lb Bag|$7.47|$0.047/oz|10311308
all purpose flour|Gold Medal All Purpose Flour, Baking Flour, 5 lb Bag|$3.97|$0.05/oz|10311311
all purpose flour|Gold Medal All Purpose Flour, Baking Flour, 2 lb Bag|$2.98|$0.093/oz|10311313
all purpose flour|Gold Medal Wondra Quick Mixing All Purpose Flour, 13.5 oz|$4.18|$0.31/oz|10311367
all purpose flour|Gold Medal Unbleached All Purpose Flour, 10 lb Bag|$7.47|$0.047/oz|10311380
all purpose flour|Gold Medal Unbleached All Purpose Flour, Baking Flour, 5 lb Bag|$3.97|$0.05/oz|10311381
peanut butter|Reese's Creamy Peanut Butter Spread, Jar 18 oz|$3.92|$0.218/oz|10312039
mayonnaise|Hellmann's Real Mayonnaise, Sandwich Spread Condiments, 30 oz Jar|$6.47|$0.216/fl oz|10312980
granulated sugar|Great Value Pure Granulated Sugar, 10 lbs|$8.00|$0.05/oz|10314931
sour cream|Great Value Sour Cream 8 Oz|$1.37|$0.171/oz|10315014
sour cream|Great Value Light Sour Cream, 8 oz|$1.37|$0.171/oz|10315016
sour cream|Great Value Light Sour Cream, 16 oz Tub|$1.84|$0.115/oz|10315017
cottage cheese|Great Value 4% Milkfat Minimum Large Curd Cottage Cheese, 24 oz|$2.87|$0.12/oz|10315020
cottage cheese|Great Value 4% Milkfat Minimum Small Curd Cottage Cheese, 16 oz|$2.24|$0.14/oz|10315021
cottage cheese|Great Value 4% Milkfat Minimum Small Curd Cottage Cheese, 24 oz|$2.87|$0.12/oz|10315022
cottage cheese|Great Value 1% Milkfat Small Curd Low-fat Cottage Cheese, 24 oz|$2.87|$0.12/oz|10315024
cottage cheese|Great Value 0% Milkfat Small Curd Fat-Free Cottage Cheese, 24 oz|$2.87|$0.12/oz|10315043
butter|Great Value Sweet Cream Unsalted Butter, 16 oz, 4 Sticks|$3.06|$0.191/oz|10315054
granulated sugar|Great Value Pure Granulated Sugar, 4 lbs|$3.27|$0.051/oz|10315162
mayonnaise|Great Value Mayonnaise, 18 fl oz|$3.38|$0.188/fl oz|10315353
white bread|Great Value White Round Top Bread Loaf, 20 oz|$1.48|$0.074/oz|10315355
long grain white rice|Great Value Long Grain Enriched Rice, 16 oz|$0.92|$0.058/oz|10315393
long grain white rice|Great Value Long Grain Enriched Rice, 32 oz|$1.77|$0.055/oz|10315394
long grain white rice|Great Value Long Grain Enriched Rice, 5 lbs|$3.37|$0.042/oz|10315395
bacon|Great Value Real Bacon Pieces, 2.5 oz|$1.97|$0.788/oz|10315616
milk gallon|Great Value Organic Whole Vitamin D Milk, Half Gallon, 64 fl oz|$3.97|$0.062/fl oz|10315798
long grain white rice|Great Value Long Grain Enriched Rice, 20 lb|$11.46|$0.036/oz|10315883
80/20 ground beef|Great Value Beef Burgers, 80% Lean/20% Fat, 3 lbs, 12 Count (Frozen)|$14.97|$4.99/lb|10315960
spaghetti|De Cecco Spaghetti No. 12 Pasta, 1 lb. – Made from Coarse Semolina (Durum Wheat), Non-GMO, Slow Dried, Contains Wheat, May Contain Soy.|$2.87|$0.179/oz|10318566
carrots|Del Monte Sliced Carrots, Canned Vegetables, 14.5 oz Can|$1.67|$0.115/oz|10318772
ground turkey|Morton Coarse Kosher Salt, Coarse Salt for Cooking, 3 lb.|$3.97|$0.083/oz|10318925
carrots|Le Sueur Whole Tender Baby Carrots, Shelf-Stable, 15 oz Can|$2.28|$0.152/oz|10319354
yogurt|Yoplait Original Low Fat Mountain Blueberry Yogurt Cup, Made with Real Fruit, 6 oz|$0.77|$0.128/oz|10320905
yogurt|Yoplait Original Low Fat Cherry Orchard Yogurt Cup, Made with Real Fruit, 6 oz|$0.77|$0.128/oz|10320906
yogurt|Yoplait Original Low Fat Harvest Peach Yogurt Cup, Made with Real Fruit, 6 oz|$0.77|$0.128/oz|10320908
yogurt|Yoplait Original Low Fat Strawberry Banana Yogurt Cup, Made with Real Fruit, 6 oz|$0.77|$0.128/oz|10320913
yogurt|Yoplait Original Smooth Style Strawberry Low Fat Yogurt Tub, 32 oz|$3.27|$0.102/oz|10320962
yogurt|Yoplait Original Smooth Style Vanilla Low Fat Yogurt Tub, 32 oz|$3.27|$0.102/oz|10320963
yogurt|Yoplait Original Smooth Style Strawberry Banana Low Fat Yogurt Tub, 32 oz|$3.27|$0.102/oz|10321096
mayonnaise|Duke's Real Mayonnaise, 16 oz Jar, Smooth & Creamy Mayo|$3.97|$0.248/fl oz|10321437
mayonnaise|Duke's® Real Mayonnaise, 48 oz Jar, Smooth & Creamy Mayo|$7.87|$0.164/fl oz|10321438
flour tortillas|Rio Rancho Tostada Bowls Gluten Free Restaurant-Style Multigrain Corn Bowls, 4 Count, Box|$5.97|$1.19/oz|10322071
large eggs|Olympia Valley Jumbo Grade A Eggs|$1.84|$0.061/oz|10322928
long grain white rice|Golden Star Thai Hom Mali Jasmine Rice, 5 lbs|$7.97|$0.1/oz|10323751
large eggs|Eggland's Best Large White Eggs, 12 Count|$3.87|$0.161/oz|10324125
large eggs|Eggland's Best Extra Large White Eggs, 12 Count|$3.62|$0.302/count|10324126
granulated sugar|Zulka Pure Cane Sugar, 4 lb, Contains No Allergens|$4.48|$0.07/oz|10324852
sliced deli ham|Hillshire Farm Ultra Thin Honey Ham Lunchmeat, 9 oz Plastic Tub, Refrigerated|$3.97|$7.09/lb|10402752
all purpose flour|Great Value Self-Rising  Enriched Bleached Flour, 5 lb Bag|$2.96|$0.037/oz|10402992
granulated sugar|Great Value Pure Granulated Sugar, 25 lbs|$19.97|$0.05/oz|10403009
all purpose flour|Great Value All-Purpose Enriched Bleached Wheat Flour, 5 lb Bag|$2.58|$0.032/oz|10403017
white bread|Village Hearth Cottage White Bread Loaf, 24 oz, 20 Count|$3.64|$0.152/oz|10403449
white bread|Village Hearth Enriched White Sandwich Texas Toast Bread, 28 ounces|$4.22|$0.151/oz|10403458
butter|Smart Balance Original Buttery Spread, 45 oz Tub|$8.42|$0.187/oz|10411892
chicken thighs|Great Value All Natural Skin-on Chicken Thighs, 4 lb (Frozen)|$7.96|$1.99/lb|10414667
chicken thighs|Great Value All Natural Chicken Drumsticks, 4 lbs (Frozen)|$4.83|$1.21/lb|10414673
boneless skinless chicken breast|Great Value All Natural Boneless Skinless Chicken Breasts, 3 lb (Frozen)|$9.47|$3.16/lb|10414680
vanilla ice cream|Great Value Vanilla Ice Cream Cups, 36 fl oz, 12 Pack|$4.47|$0.124/fl oz|10415621
avocado|WHOLLY Guacamole Minis Paste Classic 12oz 6 pack Plastic Cups|$5.47|$0.456/oz|10416257
white bread|Bimbo Pan Tostado Classic Toasted Bread, 14 count, White Toasted Bread, 7.41 oz Bag|$2.88|$0.389/oz|10421566
granulated sugar|C&H Premium Pure Cane Granulated Sugar, 1 lb Box|$1.92|$0.12/oz|10447779
granulated sugar|C&H Premium Pure Cane Granulated Sugar, 10 lb|$10.88|$0.068/oz|10447780
granulated sugar|C&H Pure Cane Sugar, 4 lb Bag, Summer Baking, July 4th Desserts, Limited Edition|$4.84|$0.076/oz|10447781
russet potatoes|Fresh Whole Russet Potatoes , 5 lb Bag|$2.84|$0.568/lb|10447837
russet potatoes|Jumbo Russet Potatoes Whole Fresh, 8 lb Bag|$5.46|$0.683/lb|10447838
russet potatoes|Fresh Idaho Russet Potatoes, 5 lb Bag|$3.74|$0.748/lb|10447839
russet potatoes|Marketside Fresh Organic Russet Potatoes, 3 lb Bag|$4.94|$1.65/lb|10447841
yellow onion|Fresh Yellow Onions, 3 lb Bag|$3.74|$0.078/oz|10447842
peanut butter|Peter Pan Creamy Peanut Butter Spread, Smooth, Gluten-Free, 40 oz Jar|$5.77|$0.144/oz|10448031
ground coffee|Dunkin Original Blend Medium Roast Ground Coffee, 12 oz Bag|$9.97|$0.831/oz|10448644
ground coffee|Starbucks House Blend, Ground Coffee, Medium Roast Hot or Iced Coffee, 12 oz|$11.87|$0.989/oz|10448717
ground coffee|Starbucks Breakfast Blend, Ground Coffee, Medium Roast Hot or Iced Coffee, 12 oz|$11.87|$0.989/oz|10448723
white bread|Brownberry Country Style Buttermilk Bread, 24 oz, White Bread, Bag|$3.84|$0.16/oz|10449432
white bread|Nature's Own Butterbread, Non-GMO Bread, Sandwich Bread, 20 oz Loaf|$3.42|$0.171/oz|10450012
milk gallon|Great Value Whole Vitamin D Milk, Gallon|$3.02|$0.024/fl oz|10450114
milk gallon|Great Value, 2% Reduced Fat Milk, Gallon|$3.02|$0.024/fl oz|10450115
milk gallon|Great Value 1% Low-Fat Milk, Gallon|$3.02|$0.024/fl oz|10450116
milk gallon|Great Value Fat-Free Milk, Gallon, 128 fl oz|$3.02|$0.024/fl oz|10450117
milk gallon|Great Value Milk Whole Vitamin D, Half Gallon, , 64 fl oz|$1.82|$0.028/fl oz|10450118
milk gallon|Great Value Milk, 2% Reduced Fat, Half Gallon, 64 fl oz|$1.82|$0.028/fl oz|10450119
milk gallon|Great Value Milk, Fat Free, Unflavored, Half Gallon, 64 oz Jug|$1.82|$0.028/fl oz|10450120
yogurt|Great Value Original Strawberry Low-fat Yogurt, 32 oz|$2.64|$0.083/oz|10450126
yogurt|Great Value Original Vanilla Low-fat Yogurt, 32 oz Tub|$2.64|$0.083/oz|10450127
boneless skinless chicken breast|Maruchan Instant Lunch Ramen Noodles, Chicken Flavor, 2.25 oz Cup|$0.64|$0.284/oz|10450893
vanilla ice cream|Haagen Dazs Vanilla Ice Cream, Gluten Free, Kosher, 28oz|$7.96|$0.284/fl oz|10451215
tomatoes on the vine|Fresh Grape Tomato, 10 oz Package|$2.27|$0.227/oz|10451313
carrots|Fresh Produce, Baby Peeled Carrots, 1lb Bag|$1.44|$0.09/oz|10451315
carrots|Fresh Baby-Cut Carrots, 2 lb Bag|$2.47|$1.24/lb|10451316
ground turkey|FESTIVE Turkey Breakfast Sausage, Frozen, 1 lb Roll|$1.98|$1.98/lb|10451404
carrots|Great Value Sliced Carrots, 14.5 oz Can|$0.96|$0.066/oz|10451497
hot dogs|Fairbury Brand, Red Hot Dogs, Vacuum Sealed, Refrigerated, Plastic Pouch, 16 oz (Pack of 10)|$5.12|$5.12/lb|10451869
hot dogs|Fairbury Brand Tomboy, Stadium Hot Dog Links, Vacuum Sealed, Refrigerated, Plastic Pouch, 16 oz|$5.12|$5.12/lb|10451870
hot dogs|Fairbury Brand, Fully Cooked, Beef Hot Dogs, Vacuum Sealed and Refrigerated, Plastic Pouch, 16 oz.|$5.78|$5.78/lb|10451871
sour cream|Cacique Crema Mexicana Agria, Sour Cream, 15 oz Jar (Refrigerated)|$3.87|$0.258/oz|10451931
cream cheese|Great Value Neufchtel Cheese Brick, Soft, 8 oz Block|$1.56|$0.195/oz|10452358
american cheese slices|Great Value Singles American Pasteurized Process Cheese Product, Fat-Free, 16 count, 12 oz|$1.88|$0.157/oz|10452363
shredded cheese|Great Value Mild Cheddar Finely Shredded Cheese, 8 oz Bag|$1.97|$0.246/oz|10452370
shredded cheese|Great Value Low-Moisture Part-Skim Mozzarella Finely Shredded Cheese, 8 oz Bag|$1.97|$0.246/oz|10452371
american cheese slices|Great Value Deluxe American Cheese Slices, 48 oz, 72 Slices|$11.24|$0.234/oz|10452375
american cheese slices|Great Value Singles, American Pasteurized Prepared Cheese Product, 48 oz, 72 Count|$6.96|$0.145/oz|10452377
shredded cheese|Great Value Low-Moisture Part-Skim Mozzarella Shredded Cheese, 32 oz Bag|$6.92|$0.216/oz|10452379
cream cheese|Great Value Fat-Free Cream Cheese Brick, 8 oz Block|$1.56|$0.195/oz|10452391
american cheese slices|Great Value Individually Plastic Wrapped Singles White American Cheese Product, 12 oz, 16 Slices|$1.88|$0.157/oz|10452392
american cheese slices|Great Value Individually Plastic Wrapped Singles White American Cheese Product, 16 oz, 24 Slices|$2.48|$0.155/oz|10452393
american cheese slices|Great Value Deluxe American Cheese Slices, 5 lb Package, 120 Slices|$17.97|$0.225/oz|10452405
cream cheese|Great Value Strawberry Cream Cheese Spread, 8 oz Tub|$1.84|$0.23/oz|10452407
cream cheese|Great Value Classic Cream Cheese Spread, 8 oz Tub|$1.84|$0.23/oz|10452412
cream cheese|Great Value Original Cream Cheese Spread, 12 oz Tub (Refrigerated)|$2.92|$0.243/oz|10452413
shredded cheese|Great Value Parmesan Finely Shredded Cheese, 6 oz Bag|$2.08|$0.347/oz|10452414
cream cheese|Great Value Light Cream Cheese Spread, 8 oz Tub|$1.84|$0.23/oz|10452417
american cheese slices|Great Value Individually Plastic Wrapped Singles American Cheese Product, 12 oz, 16 Slices|$1.88|$0.157/oz|10452422
american cheese slices|Great Value Individually Plastic Wrapped Singles American Cheese Product, 16 oz, 24 Slices|$2.48|$0.155/oz|10452423
american cheese slices|Great Value Deluxe American Cheese Slices, 16 oz, 24 Slices|$3.97|$0.248/oz|10452424
cream cheese|Great Value Cream Cheese Brick, 8 oz (Refrigerated)|$1.56|$0.195/oz|10452429
shredded cheese|Great Value Sharp Cheddar Finely Shredded Cheese, 8 oz Bag|$1.97|$0.246/oz|10452431
american cheese slices|Great Value Individually Plastic Wrapped Singles Reduced Fat American Cheese Product, 16 oz, 24 Slices|$2.48|$0.155/oz|10452432
shredded cheese|Great Value Mild Cheddar Finely Shredded Cheese, 32 oz Bag|$6.92|$0.216/oz|10452439
cream cheese|Great Value Chive & Onion Cream Cheese Spread, Soft, 8 oz Tub|$1.84|$0.23/oz|10452462
shredded cheese|Great Value Fiesta Cheese Finely Shredded Blend, 32 oz Bag|$6.92|$0.216/oz|10452468
shredded cheese|Great Value Sharp Cheddar Finely Shredded Cheese, 16 oz Bag|$3.48|$0.218/oz|10452477
shredded cheese|Great Value Italian Style Finely Shredded Cheese, 8 oz Bag|$1.97|$0.246/oz|10452478
shredded cheese|Great Value Taco Blend Finely Shredded Cheese, 8 oz Bag|$1.97|$0.246/oz|10452480
shredded cheese|Great Value Colby Jack Finely Shredded Cheese, 16 oz Bag|$3.48|$0.218/oz|10452489
shredded cheese|Great Value Low-Moisture Part-Skim Mozzarella Finely Shredded Cheese, 16 oz|$3.48|$0.218/oz|10452490
shredded cheese|Great Value Colby & Monterey Jack Shredded Cheese, 32 oz Bag|$6.92|$0.216/oz|10452560
cream cheese|Great Value Original Whipped Cream Cheese Spread, 8 oz Cup|$1.84|$0.23/oz|10452561
shredded cheese|Great Value Fiesta Blend Finely Shredded Cheese, 8 oz Bag|$1.97|$0.246/oz|10452562
shredded cheese|Great Value Shredded Pizza Cheese Blend, 8 oz Bag|$1.97|$0.246/oz|10452563
shredded cheese|Great Value Colby Jack Finely Shredded Cheese, 8 oz Bag|$1.97|$0.246/oz|10452564
white bread|Pepperidge Farm Farmhouse Hearty White Bread, 24 oz Loaf|$3.96|$0.165/oz|10452823
american cheese slices|Kraft Singles American Slices Twin Pack, 32 Count Pack|$6.77|$0.282/oz|10452903
american cheese slices|Kraft Singles American Slices, 72 Count Box|$12.86|$0.268/oz|10452904
american cheese slices|Kraft Singles American Slices, 24 Count Pack|$4.68|$0.293/oz|10452905
american cheese slices|Kraft Deli Deluxe American Cheese Slices, Individually Wrapped, 16 oz Pack, 24 Slices|$7.28|$0.455/oz|10452907
all purpose flour|Wheat Montana Bakery, Bronze Chief Whole Wheat Flour, Non-GMO Verified, Certified Kosher, 5 lbs|$5.56|$1.11/lb|10453123
all purpose flour|Wheat Montana Bakery, White All-Purpose Unbleached Flour, Non-GMO Verified, Certified Kosher,  5 lbs|$6.22|$0.078/oz|10453125
iceberg lettuce|Fresh Romaine Lettuce Hearts 3 Count, Each|$3.83|$1.28/count|10532755
80/20 ground beef|Bubba Burger Original 100% USDA Choice Chuck Beef, 6 Frozen 1/3 Pound Burgers, 2 lbs Box|$16.48|$8.24/lb|10533064
ketchup|Great Value Tomato Ketchup, 64 oz|$3.12|$0.049/oz|10533323
ketchup|Great Value Tomato Ketchup, 24 oz|$1.64|$0.068/oz|10533375
bacon|Wright Brand Hickory Real Wood Smoked Thick Cut Sliced Refrigerated Bacon, 24 oz|$9.98|$6.65/lb|10533733
bacon|Wright Brand Applewood Real Wood Smoked Thick Cut Sliced Refrigerated Bacon, 24 oz|$9.98|$6.65/lb|10533735
bacon|Great Value Hickory Smoked Fully Cooked Thick Cut Bacon, 2.1 oz|$3.94|$30.31/lb|10533738
white bread|Sara Lee Classic Bread, 20 oz, Plain White Bread, Bag|$2.82|$0.141/oz|10533915
white bread|Sara Lee White made with Whole Grain Bread, 20 oz, Plain Wheat Bread, Bag|$3.18|$0.159/oz|10533917
spaghetti|Great Value Spaghetti, 32 oz|$1.94|$0.061/oz|10534105
spaghetti|Great Value Thin Spaghetti, 1 lb|$1.24|$0.078/oz|10534113
spaghetti|Great Value Spaghetti, 16 oz|$1.24|$0.078/oz|10534115
orange juice|Great Value Orange Juice, 12 fl oz (Frozen)|$3.46|$0.288/fl oz|10534405
all purpose flour|King Arthur, All Purpose Unbleached Flour, Non-GMO Project Verified, Certified Kosher, No Preservatives, 2 lbs|$3.48|$0.109/oz|10535105
all purpose flour|King Arthur Baking Company Non-GMO Project Verified, Certified Kosher Unbleached All Purpose Flour, 5 lb Bag|$5.48|$0.069/oz|10535106
all purpose flour|King Arthur, All Purpose Unbleached Flour, Non-GMO Project Verified, Certified Kosher, No Preservatives, 25 lbs|$38.66|$0.097/oz|10535107
all purpose flour|King Arthur Baking Company Non-GMO Project Verified, Certified Kosher Unbleached All Purpose Flour, 10 lb Bag|$10.53|$0.066/oz|10535110
flour tortillas|Mama Lupe's Authentic Flour Tortillas, 24 Count Soft Taco Size, 32oz|$4.78|$0.133/oz|10535526
carrots|Fresh Whole Carrots, 2 lb Bag|$2.26|$1.13/lb|10535757
ketchup|Heinz Tomato Ketchup Squeeze Bottle, 2 Bottles, for Easy Sharing and Easy Serving, Gluten-Free, 50.5 oz|$11.98|$0.119/oz|10535859
all purpose flour|White Lily All Purpose Flour, 5 lb Bag|$13.50|$0.169/oz|10535905
bacon|HORMEL BLACK LABEL Microwave Bacon, Gluten Free, Refrigerated, 12 oz Cardboard Box (4 Pouches)|$8.97|$11.96/lb|10535984
strawberries|Great Value Whole Strawberries, 16 oz (Frozen)|$2.86|$0.179/oz|10543663
ground coffee|Cafe Bustelo Espresso Ground Coffee, Dark Roast, 36 oz Canister|$23.48|$0.652/oz|10543895
ground coffee|Cafe Bustelo, Espresso Style Dark Roast Ground Coffee, Vacuum Packed 10 oz Brick|$5.96|$0.596/oz|10543909
carrots|Birds Eye California Blend with Carrots, Broccoli, Cauliflower, Frozen Vegetables, 60 oz. Bag|$6.92|$0.115/oz|10790988
salmon fillet|Bumble Bee Smoke Flavored Coho Salmon Fillets in Oil, Gluten Free, 19g Protein per Serving, Shelf Stable, 3.75 oz|$3.64|$0.971/oz|10795028
milk gallon|Lactaid 2% Reduced Fat Milk, Calcium Enriched, 64 oz|$4.48|$0.07/fl oz|10801615
butter|Land O Lakes Salted Butter in Half Sticks, 4 Half Sticks, 8 oz Pack|$2.57|$0.321/oz|10801754
sour cream|Nestle Media Crema Neutral Flavor Heavy Table Dairy Cream, 7.6 fl oz Can|$2.68|$0.353/fl oz|10804326
milk gallon|Great Value Milk 1% Low-fat, Half Gallon, 64 fl oz|$1.82|$0.028/fl oz|10804537
vanilla ice cream|Blue Ribbon Classics Star Chocolate Flavored Coated Artificially Vanilla Flavored Frozen Dessert Treat Bar, 45 fl oz, 20 Pack|$6.48|$0.144/fl oz|10805025
vanilla ice cream|Blue Ribbon Classics Homemade Vanilla Bar Coated in Chocolate Flavored Frozen Dessert Treat Bar, 24 fl oz, 12 pack|$4.98|$0.208/fl oz|10805040
white bread|Rhodes Bake-N-Serv, White Bread Dough, 5 Loaves, 5lbs Bag|$6.83|$0.085/oz|10805114
white bread|Rhodes Bake-N-Serv Frozen White Texas Rolls 48 oz Bag, 24 Large Dinner Rolls|$4.84|$0.101/oz|10805118
yogurt|Stonyfield Organic Plain Whole Milk Probiotic Yogurt, 32 oz Container|$5.17|$0.162/oz|10805152
all purpose flour|Wheat Montana Bakery, White All-Purpose Unbleached Flour, Non-GMO Verified, Certified Kosher,  10 lbs|$9.96|$0.062/oz|10805208
grapes|Fresh Organic Red Seedless Grapes, 2 lb Package|$5.97|$2.99/lb|10813392
butter|Land O Lakes Salted Butter in Half Sticks, 8 Half Sticks, 1 lb Pack|$4.46|$0.279/oz|10824266
long grain white rice|Mahatma Jasmine Rice, Thai Fragrant Long Grain Rice, Gluten Free, 32 oz Bag (2 lbs)|$3.22|$0.101/oz|10848962
hot dogs|Oscar Mayer Turkey Franks Hot Dogs, 16 oz, 10 Count Pack|$3.97|$3.97/lb|10849175
butter|Horizon Organic Salted Butter Sticks, 16 oz, 4 Sticks|$8.94|$0.559/oz|10898800
butter|Horizon Organic Unsalted Butter Sticks, 16 oz, 4 Sticks|$8.94|$0.559/oz|10898801
boneless skinless chicken breast|Fresh Mandarin Oranges, 3 lb Bag Naturally Ripened|$5.42|$0.113/oz|11025598
carrots|Birds Eye Normandy Blend, Frozen Vegetables Mix, 60 oz. Bag|$6.92|$0.115/oz|11047233
vanilla ice cream|Great Value Vanilla Flavored Ice Cream Sandwiches, 42 fl oz, 12 Pack|$2.97|$0.071/fl oz|11047625
russet potatoes|Ore-Ida Homestyle Steam 'N' Mash Recipe Ready Pre-Cut Russet Potatoes Frozen Side Dish, 24 oz Bag|$4.47|$0.186/oz|11964594
american cheese slices|Kraft Singles American Slices, 16 Count Pack|$3.86|$0.322/oz|11964619
flour tortillas|La Banderita Soft Taco Flour Tortillas, 16 oz, 10 Count|$2.73|$0.171/oz|11964663
american cheese slices|Sargento Sargento  Sliced Cheese, 12 ea|$2.97|$0.371/oz|11964920
white bread|Rhodes Bake-N-Serv Yeast Dinner Rolls, 6 lbs Bag, 72 Count White Dinner Rolls (Frozen)|$8.97|$0.093/oz|11964955
milk gallon|Great Value Lactose Free Whole Vitamin D Milk, Half Gallon, 64 fl oz|$3.08|$0.048/fl oz|11979180
milk gallon|Great Value Lactose Free 2% Reduced Fat Milk, Half Gallon, 64 fl oz|$3.08|$0.048/fl oz|11979181
american cheese slices|Kraft Singles White American Slices, 16 Count Pack|$3.86|$0.322/oz|12018245
american cheese slices|Kraft Singles White American Slices, 24 Count Pack|$4.68|$0.293/oz|12018246
orange juice|Tropicana Pure Premium Original No Pulp 100% Orange Juice, 128 Fl Oz Jug|$11.53|$0.09/fl oz|12018511
butter|Blue Bonnet Vegetable Oil Spread, 45 oz|$3.58|$0.08/oz|12166349
flour tortillas|Old El Paso Flour Tortillas for Soft Tacos and Fajitas, Meal Prep, 10 Count, 8.2 oz|$2.44|$0.298/oz|12166699
mayonnaise|Hellmann's Real Mayonnaise, Sandwich Spread Condiments, 48 oz Jar​|$8.97|$0.187/fl oz|12166718
large eggs|Eggland's Best Extra Large White Eggs, 18 Count|$5.84|$0.144/oz|12167419
sour cream|Great Value All Natural Sour Cream, 8 oz|$1.37|$0.171/oz|12335110
sour cream|Great Value Original Sour Cream, 16 oz Tub|$1.84|$0.115/oz|12335111
sour cream|Great Value Original Sour Cream, 24 oz Tub|$2.74|$0.114/oz|12335112
sliced deli ham|Hillshire Farm Ultra Thin Sliced Refrigerated Lunch & Deli Meats, 16 oz, Smoked Ham Family Size Plastic Resealable Tub|$6.48|$6.48/lb|12443811
sliced deli ham|Hillshire Farm Ultra Thin Honey Ham Lunchmeat, 16 oz Plastic Tub, Refrigerated|$6.48|$0.405/oz|12443812
boneless skinless chicken breast|Great Value Diet Mountain Lightning, 2 Liter Bottle|$1.00|$0.015/fl oz|12444447
cottage cheese|Great Value 2% Milkfat Low-fat Small Curd Cottage Cheese, 24 oz Tub|$2.87|$0.12/oz|12444458
all purpose flour|Great Value All-Purpose Enriched Bleached Wheat Flour, 25 lb Bag|$10.77|$0.027/oz|12444466
blueberries|Great Value Organic Frozen Blueberries, 10 oz|$3.16|$0.316/oz|12512014
blueberries|Great Value Blueberries, 16 oz (Frozen)|$3.12|$0.195/oz|13252699
hot dogs|JENNIE-O Turkey Hot Dogs, *40% Less Fat, Refrigerated, 3 lb Plastic Package (24 Turkey Hot Dogs)|$7.94|$2.65/lb|13281426
broccoli crowns|Marketside Broccoli Florets, 12 oz|$2.54|$0.212/oz|13399617
broccoli crowns|Marketside Fresh Broccoli and Cauliflower Medley, 12 oz|$2.54|$0.212/oz|13399618
all purpose flour|White Lily All Purpose Flour, 2 lb Bag|$13.95|$0.436/oz|13424459
mayonnaise|Blue Plate Real Mayonnaise, 18 fl oz Squeeze Bottle|$4.17|$0.232/fl oz|13424594
whole chicken|Southern Hens Baking Hen, Frozen, No Allergens, Whole Chicken, 7-8 lbs, Vacuum Sealed Bag|$9.59|$1.40/lb|13424831
long grain white rice|Riceland Enriched Long Grain White Rice 20 lb - Kosher, Grown in USA|$13.73|$0.043/oz|13448668
granulated sugar|Sugar In The Raw, Turbinado Cane Sugar Packets, 100 Count, All-Natural Turbinado Sugar|$3.72|$0.233/oz|13448719
peanut butter|Peter Pan Creamy Honey Roast Peanut Butter, Smooth Peanut Butter Spread, Gluten-Free, 16.3 oz Jar|$2.47|$0.152/oz|13448724
peanut butter|Peter Pan Creamy Peanut Butter,Smooth, Gluten Free Peanut Butter, 16.3 oz Jar|$2.47|$0.152/oz|13448726
orange juice|Tropicana Pure Premium 100% Orange Juice Original No Pulp, 8 Fl Oz Carton, 6-Pack|$6.97|$0.145/fl oz|13448735
iceberg lettuce|Marketside Classic Iceberg Salad, 12 oz Bag (Fresh)|$2.32|$0.193/oz|13893729
iceberg lettuce|Marketside Classic Iceberg Salad, 24 oz Bag (Fresh)|$3.78|$0.158/oz|13893730
iceberg lettuce|Marketside Fresh Shredded Iceberg Lettuce, 8 oz Bag|$2.32|$0.29/oz|13893731
american cheese slices|Kraft Singles 2% Pasteurized Prepared Cheese Product American Slices, 22 Count Pack|$4.68|$0.318/oz|13908136
carrots|Great Value Sliced Carrots, 8.25 oz Can|$0.67|$0.081/oz|13925193
frozen pizza|Home Run Inn Classic Crust Sausage Pizza, Tomato Sauce, 30 oz, (Frozen)|$6.98|$0.233/oz|14089285
frozen pizza|Home Run Inn Classic Crust Sausage and Pepperoni Pizza, Tomato Sauce, 31 oz, (Frozen)|$6.98|$0.225/oz|14089286
frozen pizza|Home Run Inn Classic Crust Cheese Pizza with Tomato Sauce, 27 oz Frozen|$6.98|$0.259/oz|14089288
orange juice|Florida's Natural Orange Juice No Pulp 89 oz|$6.98|$0.078/fl oz|14122331
pasta sauce marinara|Prego Marinara Sauce, 23 oz Jar|$2.48|$0.108/oz|14123530
flour tortillas|Mission Super Soft Flour Tortillas, Fajita Size, 20 Count|$3.48|$0.151/oz|14123550
milk gallon|Horizon Organic DHA Omega-3 Whole Milk, DHA Whole, 64 fl oz Carton|$6.46|$0.101/fl oz|14244869
butter|Land O Lakes Butter with Olive Oil & Sea Salt, Spreadable, 7 oz Tub|$2.97|$0.424/oz|14312781
bananas|Great Value Sliced Bananas, 16 oz Bag|$2.47|$0.154/oz|14336395
sliced deli ham|Hillshire Farm Ultra Thin Sliced Honey Ham Lunchmeat, 16 oz Variety Pack Plastic Tub, Refrigerated|$6.48|$6.48/lb|14551074
mayonnaise|Kraft Real Mayo Creamy & Smooth Mayonnaise, 15 fl oz Jar|$3.98|$0.265/fl oz|14574588
orange juice|Great Value Pulp Free Orange Juice, 12 fl oz (Frozen)|$3.46|$0.288/fl oz|14574718
mayonnaise|Kraft Real Mayo Creamy & Smooth Mayonnaise, 22 fl oz Bottle|$4.98|$0.226/fl oz|14647641
mayonnaise|Kraft Real Mayo Creamy & Smooth Mayonnaise, 12 fl oz Bottle|$9.60|$0.8/fl oz|14647654
mayonnaise|Kraft Real Mayo Creamy & Smooth Mayonnaise, for a Keto and Low Carb Lifestyle, 30 fl oz Jar|$4.98|$0.166/fl oz|14651650
mayonnaise|Kraft Mayo with Olive Oil Reduced Fat Mayonnaise Squeeze Bottle, 22 fl oz|$4.98|$0.226/fl oz|14651652
boneless skinless chicken breast|Perdue Harvestland, Fresh Thin-Sliced Boneless Chicken Breast, 1.1-2 lb. Tray|$8.27|$6.22/lb|14712185
ground coffee|Starbucks Pike Place Roast, Ground Coffee, Medium Roast Hot or Iced Coffee, 12 oz|$11.87|$0.989/oz|14869700
flour tortillas|Old El Paso Flour Tortillas for Burritos (8 Count)|$2.44|$0.222/oz|14869825
long grain white rice|Mahatma Jasmine Rice, Thai Fragrant Long Grain Rice, Gluten Free, 80 oz Bag (5 lbs)|$6.26|$0.078/oz|14940616
flour tortillas|Mission Super Soft Whole Wheat Flour Tortillas, Soft Taco Size, 10 Count|$3.27|$0.204/oz|15021157
ketchup|Heinz Tomato Ketchup, 20 oz Bottle|$3.78|$0.189/oz|15077427
vanilla ice cream|Great Value Mini Vanilla Flavored Ice Cream Sandwiches, 36.8 fl oz, 16 Pack|$2.97|$0.081/fl oz|15114703
80/20 ground beef|80% Lean / 20% Fat Ground Beef Chuck, 1 lb Roll, Fresh, All Natural*|$6.93|$6.93/lb|15136791
80/20 ground beef|93% Lean / 7% Fat Lean Ground Beef, 1 lb Roll, Fresh, All Natural*|$6.97|$6.97/lb|15136792
sliced deli ham|FUD Original Sliced Cooked Ham, Refrigerated, Fully Cooked, Ready-to-Eat, Resealable Pack, 10 oz|$3.92|$6.22/lb|15136875
hot dogs|FUD Fully Cooked Chicken Franks, 7 oz, Refrigerated, Vacuum-Sealed Pack.|$1.48|$3.36/lb|15136881
grapes|Marketside Seasonal Fruit Blend, 16 oz Tray|$4.94|$0.309/oz|15161609
ketchup|Heinz Tomato Ketchup Inverted Squeeze Bottle, 1 Bottle, for Easy Sharing and Easy Serving, 32 oz|$4.98|$0.156/oz|15529427
shredded cheese|Great Value Fiesta Blend Finely Shredded Cheese, 16 oz Bag|$3.48|$0.218/oz|15544059
peanut butter|Jif To Go Creamy Peanut Butter, 8- 1.5 Ounce Cups, Smooth and Creamy Texture, Snack Size Packs|$13.99|$1.17/oz|15556216
flour tortillas|Mission Super Soft Flour Tortillas, Burrito Size, 16 Count|$5.34|$0.134/oz|15556308
yellow onion|Freshness Guaranteed Fresh Diced Yellow Onions, 8 oz|$3.03|$0.379/oz|15556485
bacon|Butterball Lower Sodium Smoke-Cured Turkey Bacon, 12 oz, Gluten Free, No MSG|$3.92|$5.23/lb|15610398
toilet paper|Scott 1000 Toilet Paper, 12 Rolls, 1,000 Sheets per Roll|$10.97|$0.091/100 ct|15610707
bacon|Jones Dairy Farm Hickory Smoked Canadian Pork Loin Bacon, 6 oz – No MSG, 97% Fat Free, Certified Gluten Free|$4.47|$11.76/lb|15680977
cream cheese|Great Value Original Whipped Cream Cheese Spread, 12 oz Tub|$2.92|$0.243/oz|15681024
cottage cheese|Daisy Pure and Natural Low Fat Cottage Cheese, 2% Milkfat, 16 oz (1 lb) Tub (Refrigerated) - 13g of Protein per Serving|$3.54|$0.221/oz|15716745
cottage cheese|Daisy Pure and Natural Cottage Cheese, 4% Milkfat, 16 oz (1 lb) Tub (Refrigerated)  13g of Protein per Serving|$3.54|$0.221/oz|15716746
cottage cheese|Daisy Pure and Natural Low Fat Cottage Cheese, 2% Milkfat, 24 oz (1.5 lb) Tub (Refrigerated)  13g of Protein per Serving|$4.48|$0.187/oz|15716747
cottage cheese|Daisy Pure and Natural Cottage Cheese, 4% Milkfat, 24 oz (1.5 lb) Tub (Refrigerated) - 13g of Protein per Serving|$4.48|$0.187/oz|15716748
white bread|Bimbo Soft White Bread, 20 oz, White Bread, Bag|$2.14|$0.107/oz|15716765
ketchup|Heinz Tomato Ketchup, 14 oz Bottle|$3.28|$0.234/oz|15718136
pasta sauce marinara|Mezzetta Family Recipes Spicy Marinara 24 fl oz Jar|$5.44|$0.218/oz|15728854
orange juice|Minute Maid Orange Juice Bottles, 10 fl oz, 6 Pack|$5.76|$0.096/fl oz|15754127
bacon|HORMEL BLACK LABEL Bacon, Thick Cut, Gluten Free, Refrigerated, 16 oz Plastic Package|$5.97|$5.97/lb|15754220
sour cream|Daisy Pure and Natural Sour Cream, 48 oz (3 lb) Tub (Refrigerated)|$6.64|$0.138/oz|15754292
vanilla ice cream|Ben & Jerry's Milk & Cookies Vanilla Ice Cream Cookie Dough Ice Cream Pint, 16 fl oz|$4.87|$0.304/fl oz|15754304
ketchup|Heinz Tomato Ketchup Value Size, 64 oz Bottle|$7.98|$0.125/oz|15754582
long grain white rice|Mahatma Enriched White Rice, Extra Long Grain Rice, Gluten Free, 1 lb Bag|$1.42|$0.089/oz|15754605
long grain white rice|Mahatma Enriched White Rice, Extra Long Grain Rice, Gluten Free, 5 lb Bag|$5.43|$0.068/oz|15754607
bacon|Wright Brand Hickory Real Wood Smoked Thick Cut Sliced Refrigerated Bacon, 48 oz|$18.98|$6.33/lb|16224507
yogurt|Great Value Original Vanilla Low-fat Yogurt, 6 oz Cups, 4 Count|$2.26|$0.094/oz|16778158
cereal|Post Fruity PEBBLES Breakfast Cereal, Gluten-Free, Sweetened Puffed Rice, 11 oz|$2.97|$0.27/oz|16779603
cereal|Honey Bunches of Oats Honey Roasted Breakfast Cereal with Oats and Granola Clusters, 18 oz Box|$4.97|$0.276/oz|16785099
broccoli crowns|Diet Coke Soda Pop Bottles, 16.9 fl oz, 6 Pack|$5.37|$0.053/fl oz|16935929
cottage cheese|Breakstones 3.9z Brkstn Cott Dbl P/appl|$1.18|$0.303/oz|16940123
toilet paper|Scott 1000 Toilet Paper, 20 Rolls, 1000 Sheets Per Roll|$27.99|$0.14/100 ct|17018118
mayonnaise|Great Value Light Mayonnaise, 30 fl oz|$2.97|$0.099/fl oz|17056887
mayonnaise|Great Value Mayonnaise, 30 fl oz|$2.97|$0.099/fl oz|17056888
mayonnaise|Great Value Mayonnaise, 15 fl oz|$2.12|$0.141/fl oz|17056889
ground turkey|Butterball Frozen Turkey Burgers, Original Seasoned, 1/3 lb Patties, 6 Count/2 lbs|$9.96|$4.98/lb|17177028
spaghetti|Great Value Spaghetti Pasta, 1 lb, 4 Count|$3.97|$0.062/oz|17179231
flour tortillas|Guerrero Caseras Flour Tortillas, Soft Taco Size, 10 Count|$2.72|$0.131/oz|17248144
milk gallon|Great Value 1% Low-fat Chocolate Milk, Gallon, 128 fl oz|$3.24|$0.025/fl oz|17248403
butter|Land O Lakes Light Butter with Canola Oil, Spreadable, 15 oz Tub|$3.92|$0.261/oz|17283348
all purpose flour|(8 pack) King Arthur Baking Company Non-GMO Project Verified, Certified Kosher Unbleached All Purpose Flour, 5 lb Bag|$39.82|$0.062/oz|17340169
butter|Plugra Premium European Style Unsalted Butter, 8 oz Solid|$3.12|$0.39/oz|17352478
butter|Plugr Premium European Style Salted Butter, 8 oz Solid|$3.12|$0.39/oz|17352479
avocado|Concord Foods Mild Guacamole Mix, 1.1 oz|$0.92|$0.836/oz|17619700
broccoli crowns|Diet Mountain Dew Citrus Soda Pop, 16.9 fl oz, 6 Pack Bottles|$5.28|$0.052/fl oz|17787265
long grain white rice|Mahatma Enriched Extra Long Grain White Rice, 20 lb Bag|$11.98|$0.037/oz|19276041
sliced deli ham|Land O' Frost Premium Meat, Sandwich Sliced Deli Lunch Meat, Black Forest Ham, 1 lb|$6.24|$6.24/lb|19276135
frozen pizza|Home Run Inn Classic Crust Frozen Meat Lovers Pepperoni Pizza, Tomato Sauce, 30.5 oz|$6.98|$0.218/oz|19399797
chicken thighs|Tyson All Natural, Fresh Chicken Drumsticks, Family Pack, 3.5 - 6.0 lb|$5.84|$1.27/lb|19400233
chicken thighs|Tyson All Natural, Fresh, Premium Young Whole Chicken, 1 Count, 3.5 - 8.5 lb|$8.91|$1.46/lb|19400244
whole chicken|Fresh Chicken Paws, 0.5 - 2.25 lb Tray|$3.97|$3.28/lb|19400246
arm and hammer detergent|ARM & HAMMER Super Washing Soda Powder Laundry Detergent Booster & Household Cleaner, 55 oz|$5.38|$0.098/oz|19407690
granulated sugar|Domino Pure Cane Granulated Sugar, 4 lb. Bag|$4.74|$0.074/oz|19500189
hot dogs|Hebrew National Bun Length Beef Franks, 12 oz, 6 Count|$5.74|$8.97/lb|19500239
flour tortillas|Mission Carb Balance Flour Tortillas, Fajita Size, 8 Count|$3.72|$0.465/oz|19757982
flour tortillas|Mission Carb Balance Flour Tortillas, Soft Taco Size, 8 Count|$5.64|$0.47/oz|19757985
all purpose flour|Great Value All-Purpose Enriched Bleached Flour, 2 lb Bag|$1.32|$0.041/oz|19802852
flour tortillas|Guerrero Caseras Flour Tortillas, Fajita Size, 20 Count|$3.07|$0.136/oz|20434347
ground coffee|Dunkin’ Pumpkin Spice Artificially Flavored Ground Coffee, 11 oz Bag|$9.97|$0.906/oz|20525377
frozen pizza|DiGiorno Stuffed Crust Mini Frozen Personal Pizza, Cheese & Pepperoni, 8.5 oz|$3.86|$0.454/oz|20553466
hot dogs|Country Bob's Seasoning Salt for Barbecue & Seasoning, 8oz|$2.98|$0.373/oz|20626721
pork chops|Pork Loin Chops, Boneless, Family Pack, 6 count, 1.56 - 2.93 lb Tray|$8.76|$4.17/lb|20627151
peanut butter|Crazy Richard's All-Natural Creamy Peanut Butter, 16 oz|$3.54|$0.221/oz|20683208
butter|Land O Lakes Salted Butter, 8 Sticks, 2-1 lb Packs|$8.87|$0.277/oz|20691916
peanut butter|Crazy Richard's Cruncy Peanut Butter 16oz|$3.54|$0.221/oz|20692198
pork chops|Smithfield Roasted Garlic & Herb Fresh Seasoned Pork Loin Filet, 1.98 - 2.5lb, 20 Grams of Protein per 4 oz Serving|$8.48|$4.24/lb|20743532
pork chops|Smithfield Roasted Garlic & Cracked Black Pepper Fresh Seasoned Pork Tenderloin, 0.5–2.5 lb, 19 Grams of Protein per 4 oz Serving|$6.94|$4.34/lb|20743537
flour tortillas|Ortega Flour Tortillas, Kosher, 10 Count, 14.3 oz|$2.58|$0.18/oz|20894351
pasta sauce marinara|Mezzetta Family Recipes Marinara Sauce 24 fl oz Jar|$5.44|$0.222/oz|21003397
peanut butter|Jif Natural Creamy Peanut Butter Spread – Contains 90% Peanuts, 40 oz|$6.97|$0.174/oz|21096191
cottage cheese|Kemps 2% Reduced Fat Cottage Cheese - 22 oz.|$3.64|$0.165/oz|21128310
milk gallon|Kemps Select Whole Milk, Gallon|$4.28|$0.033/fl oz|21128314
hot dogs|Hebrew National Beef Franks, 34.1 oz, 20 Count|$16.97|$8.04/lb|21289107
yogurt|Chobani Non-Fat Greek Yogurt Vanilla 32 oz. Tub|$5.97|$0.187/oz|21291512
yellow onion|Fresh Red Onions, 3 lb, Bag|$4.02|$1.34/lb|21656758
salmon fillet|Great Value Wild Caught Pink Salmon Skin-on Fillets, 2 lb Bag (Frozen)|$10.87|$5.44/lb|21656993
milk gallon|Kemps Select 1% Lowfat Milk, Half Gallon|$2.63|$0.041/fl oz|21685956
broccoli crowns|Great Value Vanilla Wafer Cookies, 11 oz, 1 Count|$2.87|$0.261/oz|21905233
bacon|Oscar Mayer Original Fully Cooked Bacon Mega Pack, 6.3 oz Box, 23-25 slices|$10.48|$26.87/lb|21949970
salmon fillet|MW Polar Premium Pink Salmon Fillets in Brine, Skinless & Boneless Canned Salmon, Ready-to-Eat Tinned Fish, High Protein & Keto-Friendly, 7.05 oz Can|$4.97|$0.705/oz|22056064
shredded cheese|Great Value Mild Cheddar Finely Shredded Cheese, 16 oz Bag|$3.48|$0.218/oz|22057338
shredded cheese|Great Value Finely Shredded Reduced Fat Fiesta Cheese Blend, 7 oz|$1.97|$0.281/oz|22057341
long grain white rice|Carolina Enriched White Extra Long Grain Rice, Gluten Free, 2 lb Bag|$14.48|$0.453/oz|22083814
cream cheese|Great Value Mixed Berry Cream Cheese Spread, 8 oz Tub (Refrigerated)|$1.84|$0.23/oz|22086286
milk gallon|Kemps Select 2% Reduced Fat Milk, Gallon|$4.28|$0.033/fl oz|22153302
milk gallon|Kemps Select Fat Free Skim Milk, Gallon|$4.28|$0.033/fl oz|22153303
milk gallon|Kemps Select 1% Lowfat Milk, Gallon|$4.28|$0.033/fl oz|22153304
orange juice|Minute Maid Orange Juice Carton, 59 fl oz|$4.47|$0.076/fl oz|22176379
orange juice|Minute Maid Pulp Free Orange Juice Carton, 59 fl oz|$4.47|$0.076/fl oz|22176380
cottage cheese|Kemps Cottage Cheese - 22 oz.|$3.64|$0.165/oz|22210543
sour cream|Kemps Regular Sour Cream - 16 oz.|$2.24|$0.14/oz|22210544
sour cream|Kemps Plain Sour Cream Squeeze Bottle - 12 oz.|$2.38|$0.198/oz|22210545
ground turkey|FESTIVE Ground Turkey, Frozen, 1 lb Roll|$1.98|$1.98/lb|22210558
ground turkey|FESTIVE Taco Seasoned Ground Turkey, Frozen, 1 lb Roll|$1.98|$1.98/lb|22210560
bacon|Great Value Naturally Hickory Smoked Thick Cut Sliced Bacon, 48 oz|$15.97|$5.32/lb|22210908
avocado|Wholly Guacamole Minis, made with Hass Avocados, 12 oz, 6 Cups|$5.47|$0.456/oz|22211145
ketchup|Heinz Tomato Ketchup, 38 oz Bottle|$4.98|$0.131/oz|22217916
carrots|Glory Foods Seasoned Southern Style Honey Carrots, Canned Vegetables, 15.5 oz|$1.77|$0.118/oz|22257756
cream cheese|Philadelphia Cream Cheese, 2 Blocks, for Recipes and Baking, Original, No Artificial Preservatives, Flavors or Dye, 8 oz|$4.96|$0.31/oz|22282136
orange juice|Tropicana Homestyle Some Pulp Pure Premium 100% Orange Juice 89 Fl Oz|$8.27|$0.093/fl oz|22282245
orange juice|Tropicana Pure Premium 100% Orange Juice, No Pulp with Calcium and Vitamin D, 89 Fl Oz Bottle|$8.27|$0.093/fl oz|22282246
orange juice|Tropicana Pure Premium No Pulp Original Orange Juice 89 Oz|$8.27|$0.093/fl oz|22282247
sour cream|Daisy Pure and Natural Sour Cream, 80 oz (5lb) Tub (Refrigerated)|$10.46|$0.131/oz|22282293
butter|Challenge Butter, Salted Butter, 16 oz, 4 Sticks|$4.28|$0.268/oz|22301243
avocado|Star Extra Virgin Olive Oil, 3 Liter Jug|$39.99|$0.394/fl oz|22374199
strawberries|Great Value Sliced Strawberries with Sugar, 15.5 oz (Frozen)|$3.96|$0.255/oz|22569731
strawberries|Fresh Strawberries, 2 lb Container|$4.72|$0.148/oz|22660282
ketchup|Heinz Simply Tomato Ketchup with No Artificial Sweeteners, 31 oz Bottle|$5.98|$0.193/oz|22790199
yogurt|Activia Fiber Strawberry and Pineapple Low Fat Probiotic Yogurt Cups Variety Pack, Helps Support Gut Health, 4 oz, 12 Count|$6.86|$0.143/oz|23591122
flour tortillas|La Banderita Family Pack Flour Tortillas, 22.5 oz, 20 Count|$3.37|$0.15/oz|23597919
bacon|Great Value Naturally Hickory Smoked Sliced Bacon, 12 oz|$3.94|$5.25/lb|23816525
mayonnaise|Blue Plate Real Mayonnaise, 30 fl oz Jar|$3.88|$0.129/fl oz|23872263
hot dogs|Oscar Mayer Hardwood Smoked Smokies Smoked Sausage Hot Dogs, 8 Count Pack|$3.28|$3.73/lb|24269780
yogurt|Activia Strawberry and Strawberry Banana Low Fat Probiotic Yogurt Cups Variety Pack, Helps Support Gut Health, 4 oz, 12 Count|$6.86|$0.143/oz|24414598
ground turkey|JENNIE-O Ground Turkey All Natural, 90/10%, Roll, 1 Pound, 18 Grams of Protein per Serving|$4.96|$4.96/lb|24905604
ground turkey|JENNIE-O Ground Turkey All Natural, 90/10%, Roll, 3 Pounds, 18 Grams of Protein per Serving|$14.62|$4.87/lb|24905771
ground turkey|JENNIE-O Fresh Lean Ground Turkey, 85% Lean/15% Fat, All Natural, Refrigerated, 3 lb Plastic Roll|$12.54|$4.18/lb|25122940
chicken thighs|Tyson All Natural, Fresh, Premium Young Whole Chicken, Twin Pack, 7.75 - 15.0 lb|$15.97|$1.32/lb|25294831
boneless skinless chicken breast|Tyson Trimmed & Ready, Fresh, All Natural, Boneless Skinless Chicken Breast Portions, 0.75 - 2.5 lb Tray|$8.94|$5.84/lb|25294832
granulated sugar|N Joy Pure Sugar, 20 oz Granulated Sugar in a Pourable Canister|$12.74|$0.637/oz|25521156
peanut butter|Jif Natural Creamy Peanut Butter Spread, 16-Ounce Jar|$2.98|$0.186/oz|25847552
peanut butter|Jif Extra Crunchy Peanut Butter, 16-Ounce Jar|$2.98|$0.186/oz|25847557
flour tortillas|Old El Paso Soft Tortilla Bowls, Flour, 8 Count., 6.7 oz.|$3.58|$0.534/oz|25847943
all purpose flour|Bob's Red Mill Organic Unbleached White All-Purpose Flour, 5 lbs|$7.94|$0.099/oz|26380939
carrots|Organic Marketside Fresh Baby Peeled Carrots, 2 lb Bag|$3.26|$0.102/oz|26384662
boneless skinless chicken breast|Tyson Trimmed & Ready All Natural Premium Boneless Skinless Chicken Breast Strips, 0.85 - 2.25 lb Tray|$8.27|$6.08/lb|26543406
yogurt|Great Value Greek Plain Nonfat Yogurt, 32 oz, Tub|$3.28|$0.103/oz|26559565
yogurt|Great Value Vanilla Nonfat Greek Yogurt, 32 oz Tub|$3.28|$0.103/oz|26559602
sliced deli ham|Hillshire Farm Ultra Thin Black Forest Ham Lunchmeat, 9 oz Plastic Tub, Refrigerated|$3.97|$7.09/lb|26832120
boneless skinless chicken breast|Tyson Trimmed & Ready All Natural, Fresh, Thin Sliced Boneless Skinless Chicken Breasts, 0.6 - 2.0 lb Tray|$8.33|$6.22/lb|27147146
boneless skinless chicken breast|Tyson Trimmed & Ready All Natural Chicken Breast Tenderloins, 1.0 - 2.0 lb Tray|$9.33|$6.18/lb|27147147
yogurt|Chobani Non-Fat Greek Yogurt Strawberry on The Bottom 5.3 oz 4PK|$4.67|$0.22/oz|27419993
granulated sugar|Zulka Pure Cane Sugar,  8 lb,  Vegan & Plant Based and Non GMO|$8.68|$0.068/oz|28892639
yellow onion|Simply Organic Minced White Onion, Certified Organic 2.21 oz.|$10.29|$10.29/oz|28927119
peanut butter|Peter Pan Creamy Honey Roasted Peanut Butter, Smooth, Gluten-Free, 40 oz Jar|$5.77|$0.144/oz|29087945
sliced deli ham|Bar-S Deli Style Smoked Ham Sliced Lunch Meat, 1 lb|$4.22|$4.22/lb|29209910
carrots|Libby's Sliced Carrots, 14.5 oz.|$1.47|$0.101/oz|29209972
pasta sauce marinara|Rao's Homemade Marinara Sauce Made with Italian Tomatoes, 32 oz|$8.97|$0.28/oz|29895930
long grain white rice|Lundberg Organic White Long Grain Rice, 32 Ounce|$50.99|$1.59/oz|30862253
spaghetti|Jovial 100% Organic Gluten-Free Brown Rice Spaghetti Pasta, 12oz|$4.46|$0.372/oz|30982032
carrots|Tillen Farms Crunchy Carrots, Classic, 12 oz.|$21.38|$21.38/oz|31002025
pasta sauce marinara|Rao's Homemade Marinara Sauce Made with Italian Tomatoes, 24 oz|$6.98|$0.291/oz|31008715
pasta sauce marinara|Daves Gourmet Organic Heritage Red Tomato Pasta Sauce, Classic Marinara Flavor for Spaghetti Dishes, Shelf-Stable, Gluten-Free, Vegan, 24oz Jar|$6.98|$0.274/oz|31014354
butter|Land O Lakes Butter with Canola Oil, Spreadable, 24 oz Tub|$6.56|$0.273/oz|31702314
strawberries|Great Value Sliced Strawberries with Sugar, 23.2 oz (Frozen)|$5.44|$0.234/oz|31712521
cream cheese|Philadelphia Whipped Flavored Cream Cheese Spread, 1 Tub, for Smooth, Spreadable Mornings, Mixed Berry Natural Flavor with Other Natural Flavor, No Artificial Preservatives, Flavors or Dyes, 7.5 oz|$3.97|$0.529/oz|32172827
carrots|(4 Count) Libby's Diced Carrots, Canned Vegetables, 4 oz|$2.47|$0.154/oz|32177139
spaghetti|Barilla Gluten Free Spaghetti Pasta, 12 oz|$2.62|$0.218/oz|32247485
blueberries|Great Value Blueberries, 48 oz (Frozen)|$7.82|$0.163/oz|32252308
avocado|Wholly Guacamole Chunky Fresh Avocado 12 oz Tray|$5.47|$0.456/oz|33284332
bananas|King Arthur Baking Company USDA Organic, Non-GMO Project Verified Unbleached Bread Flour, 5 lb Bag|$7.87|$0.098/oz|33338312
iceberg lettuce|Marketside Hearts of Romaine Salad, 10 oz Bag|$3.34|$0.334/oz|34017487
frozen pizza|California Pizza Kitchen Margherita Thin Crust with Tomato-Basil Sauce, 15 oz (Frozen)|$7.46|$0.481/oz|34238258
frozen pizza|California Pizza Kitchen Sicilian Thin Crust Pizza, Marinara Sauce, 15.5 oz (Frozen)|$7.46|$0.481/oz|34238259
pasta sauce marinara|Victoria Marinara Spaghetti Pasta Sauce, Kosher, Non-GMO Verified, 24 oz|$15.50|$0.646/oz|34294943
arm and hammer detergent|ARM & HAMMER Powder Laundry Detergent, Alpine Clean, 9.56 lb, 155 Loads|$14.98|$0.098/oz|34334601
arm and hammer detergent|ARM & HAMMER Plus OxiClean Powder Laundry Detergent, Fresh Scent, 115 Loads|$14.98|$0.106/oz|34334602
frozen pizza|California Pizza Kitchen BBQ Chicken Thin Crust Pizza, Barbeque Sauce, 14.7 oz (Frozen)|$7.46|$0.507/oz|34523926
yogurt|Simply Go-GURT Kids Low Fat Yogurt Variety Pack, Gluten Free, 2 oz Yogurt Tubes (16 Count)|$4.97|$0.155/oz|34575611
hot dogs|Ball Park Bun Length 100% Beef Hot Dogs, 15 oz, 8 Count, 6g Protein per Serving (Refrigerated)|$5.67|$6.03/lb|34632372
paper towels|Genuine Joe 2-Ply Household Roll Paper Towels - 4.40 x 11 Inches - 200 Sheets Per Roll - White - Perforated for Kitchen, Multipurpose - 24 Rolls Per Carton|$34.88|$34.88/lb|35036528
orange juice|Simply Orange Pulp-Free Orange Juice Bottle, 11.5 fl oz|$2.08|$0.181/fl oz|35042673
long grain white rice|Mahatma Jasmine White Rice, Thai Fragrant Long Grain Rice, 20 lb Bag|$21.12|$0.066/oz|35210435
ketchup|Heinz Tomato Ketchup with No Sugar Added, 13 oz Bottle|$3.98|$0.306/oz|35486041
ketchup|Heinz Tomato Ketchup with No Salt Added, 14 oz Bottle|$3.98|$0.284/oz|35486043
ketchup|Heinz Organic Tomato Ketchup, 14 oz Bottle|$4.48|$0.32/oz|35486044
boneless skinless chicken breast|Sam's Zero Sugar Cola Soda, 2 Liter Bottle|$1.00|$0.015/fl oz|35506008
frozen pizza|Jack's Frozen Cheese Pizza, Original Thin Crust Pizza for Grilling, 13.8 oz (Frozen)|$3.86|$0.28/oz|35657071
frozen pizza|Jack's Frozen Meat Pizza, Sausage, Pepperoni and Cheese, Original Thin Crust Pizza for Grilling, 15 oz (Frozen)|$3.86|$0.257/oz|35657072
frozen pizza|Jack's Frozen Meat Pizza, Supreme and Cheese, Original Thin Crust Pizza for Grilling, 15.8 oz (Frozen)|$3.86|$0.244/oz|35657073
frozen pizza|Jack's Frozen Meat Pizza, Pepperoni and Cheese, Original Thin Crust Pizza for Grilling, 14.3 oz (Frozen)|$3.86|$0.268/oz|35657075
flour tortillas|Mission Super Soft Flour Tortillas, XL Burrito Size, 8 Count|$4.63|$0.161/oz|35789550
hot dogs|Nathan's Famous Jumbo Restaurant Style Beef Franks, 12 oz|$5.46|$7.28/lb|35791410
hot dogs|Nathan's Famous Bun Length Skinless Beef Franks, 12 oz|$5.46|$7.28/lb|35791411
hot dogs|Nathan's Famous Skinless Beef Hot Dogs, 12 oz|$5.97|$7.96/lb|35791412
vanilla ice cream|Blue Ribbon Classics Artificially Flavored Vanilla Frozen Dessert, Family + Friends Shareable Size, 128 fl oz|$7.68|$0.06/fl oz|35903429
boneless skinless chicken breast|Great Value All Natural Boneless Skinless Chicken Breasts, 5 lb (Frozen)|$14.72|$2.94/lb|36179444
peanut butter|Great Value Natural No Stir Creamy Peanut Butter, 16 oz|$1.47|$0.092/oz|36267321
orange juice|Sprkilng Water Can Pure 8/12 FO|$4.42|$0.046/fl oz|36325236
yellow onion|Frontier Natural Products Chopped White Onion, 16 Oz|$10.83|$10.83/oz|36362423
sliced deli ham|Great Value Thin Sliced Smoked Ham Lunchmeat, 9 oz, Plastic Tub|$3.57|$6.38/lb|36461928
yogurt|Light + Fit Strawberry and Blueberry Flavored Greek Fat Free Yogurt Pack, 5.3 oz, 6 Count|$5.97|$0.188/oz|36618158
cream cheese|Philadelphia Neufchatel Cheese, 2 Blocks, for Recipes and Baking, 1/3 Less Fat, No Artificial Preservatives, Flavors or Dyes, 8 oz|$4.96|$0.31/oz|36647454
butter|Land O Lakes Unsalted Butter in Half Sticks, 8 Half Sticks, 1 lb Pack|$4.46|$0.279/oz|36741628
pork chops|Pork Center Cut Loin Chops Boneless, 4 count, 1.07 - 1.449 lb Tray|$6.57|$5.66/lb|37342910
yogurt|Yoplait Low Fat Kids Yogurt Cups, The Super Mario Galaxy Movie Variety Pack, 8 Count, 32 oz|$4.56|$0.143/oz|37402790
peanut butter|SKIPPY Reduced Fat Creamy Peanut Butter Spread, Shelf-Stable, 16.3 oz Plastic Jar|$2.98|$0.183/oz|37447669
peanut butter|SKIPPY Peanut Butter, Creamy, 7 g protein (7% daily value) per serving, Shelf-Stable, 40 oz Plastic Jar|$6.27|$0.157/oz|37447682
peanut butter|SKIPPY Natural Creamy Peanut Butter Spread, 7 G Protein per Serving, Plastic Jar 40 oz|$6.27|$0.157/oz|37447683
peanut butter|SKIPPY SUPER CHUNK Peanut Butter Spread Extra Crunchy, 7 g Protein Per Serving, Shelf-Stable, 64 oz Plastic Jar|$10.28|$0.161/oz|37447684
peanut butter|SKIPPY SUPER CHUNK Peanut Butter, 7 g Protein Per Serving, Shelf-Stable, 16.3 oz Plastic Jar|$2.98|$0.183/oz|37447686
peanut butter|SKIPPY Peanut Butter, Creamy, Plastic Jar 16.3 oz|$2.98|$0.183/oz|37447687
flour tortillas|CHI-CHI'S Flour Tortillas Fajita Size, Tortilla Wrap, 17.5 oz Resealable Package, (10 Count)|$2.26|$0.129/oz|37531973
all purpose flour|Selecta All Purpose Enriched Wheat Flour, 5 lbs.|$3.98|$0.05/oz|37620909
granulated sugar|Florida Crystals Regenerative Organic Light Brown Sugar, 24 oz Pouch|$3.84|$0.16/oz|37746233
all purpose flour|Arrowhead Mills Unbleached Organic All Purpose Flour, 5 lb Bag|$8.26|$0.103/oz|37750637
white bread|Wonder Bread Classic White Sandwich Bread, Sliced White Bread, 20 oz Loaf, Shelf-Stable|$2.47|$0.124/oz|37858875
large eggs|Big John's Ready to Eat Pickled Eggs 40oz Jar, Contains Eggs|$20.23|$0.506/oz|38125149
iceberg lettuce|Marketside Fresh Shredded Iceberg Lettuce, 16 oz Bag|$4.12|$0.258/oz|39104764
peanut butter|SKIPPY Creamy Peanut Butter Spread, Plastic Jar 40 oz (2 Pack)|$10.44|$0.131/oz|39243945
pork chops|Pork Center Cut Loin Chops Bone-In, 2 count, 1.01 - 2.6 lb Tray|$5.86|$4.47/lb|39384261
cottage cheese|Hiland 4% Small Curd Cottage Cheese, 24 Oz|$4.38|$0.183/oz|39980006
milk gallon|Hiland 2% Reduced Fat Milk, Half Gallon, 64 fl oz|$3.38|$0.053/fl oz|39980007
milk gallon|Hiland 2% Reduced Fat Milk, Gallon, 128 Fl Oz|$5.97|$0.047/fl oz|39980008
white bread|Wonder Bread Giant White Sandwich Bread, Sliced Loaf Bread, 24 oz, Shelf-Stable|$2.92|$0.122/oz|40070034
pasta sauce marinara|Little Italy Marinara Sauce, 32 OZ|$5.98|$0.187/fl oz|40239937
spaghetti|La Moderna, Spaghetti Pasta, Durum Wheat, 16 oz|$6.80|$0.971/oz|40244322
hot dogs|Oscar Mayer Bun-Length Beef Franks Hot Dogs, 8 Count Pack|$5.67|$6.03/lb|40815609
pork chops|Smithfield All-Natural Boneless Pork Loin Filet, 1.0 - 2.8 lb, 24 G of Protein per 4 oz Serving|$9.61|$5.34/lb|41112932
pork chops|Smithfield All Natural Pork Tenderloin, 1.4-3.4lb, 23 grams of Protein per 4 oz serving|$11.86|$4.94/lb|41112933
blueberries|Fresh Gourmet Dried Sweet Blueberries and Cranberries, Salad Topping, 3.5 oz|$3.78|$1.08/oz|41462978
cream cheese|Great Value Cream Cheese Brick, 8 oz Block, 2 Pack|$2.97|$0.186/oz|41592222
shredded cheese|Great Value Fiesta Blend Finely Shredded Cheese, 5 Pound Bag|$17.24|$0.216/oz|41972647
shredded cheese|Great Value Sharp Cheddar Finely Shredded Cheese, 32 oz Bag|$6.92|$0.216/oz|42004037
cream cheese|Great Value Garden Vegetable Cream Cheese Spread, 8 oz Tub (Refrigerated)|$1.84|$0.23/oz|42004053
american cheese slices|Great Value Individually Plastic Wrapped Singles American Cheese Product, 24 oz, 32 Slices|$3.68|$0.153/oz|42004056
hot dogs|Fairbury Fully Cooked Skinless, Red Hot Dogs, Vacuum Sealed, Refrigerated, Plastic Pouch, 32 oz|$9.72|$4.86/lb|42072216
ground coffee|McCafe Premium Roast, Medium Roast, Ground Coffee, 12 oz|$9.97|$0.831/oz|42286893
chicken thighs|Perdue Harvestland, Free Range, Fresh Whole Chicken with Giblets, 4-6.2 lbs.|$9.93|$1.87/lb|42294611
boneless skinless chicken breast|Perdue Harvestland, Free Range, Fresh Boneless Chicken Breasts, 1.3-1.9 lb. Tray|$9.94|$5.46/lb|42294613
boneless skinless chicken breast|PERDUE Harvestland Free Range Fresh Boneless Skinless Chicken Thighs, 1.15-1.65 lb|$8.54|$4.72/lb|42294614
boneless skinless chicken breast|PERDUE Harvestland Free Range Fresh Boneless Skinless Chicken Breast Tenderloins, 1.15-1.60 lb|$6.94|$5.78/lb|42294615
boneless skinless chicken breast|Perdue Harvestland, Free Range, Fresh Boneless Chicken Thigh, 2.5-3.45 lb. Tray|$11.62|$3.94/lb|42294616
cottage cheese|Hiland 2% Low Fat Cottage Cheese, 16 Oz|$3.10|$0.194/oz|42353607
cottage cheese|Hiland Small Curd Cottage Cheese, 48 oz Tub|$8.47|$0.176/oz|42353608
hot dogs|Ball Park Bun Length Angus Beef Hot Dogs, 14 oz, 8 Count (Fully Cooked)|$6.67|$7.58/lb|42678700
sour cream|Hiland All Natural Sour Cream, 16 Oz.|$2.39|$0.149/oz|42678726
russet potatoes|Yellow Potatoes Whole Fresh, 3lb Bag|$4.96|$1.65/lb|42700530
cottage cheese|Hiland Low Fat Small Curd Cottage Cheese, 24 Oz.|$4.38|$0.183/oz|42863326
carrots|Fresh Cut Petite Carrots, 12 oz Bag - Ready to Eat, Pre-Washed, Premium Quality|$1.68|$0.14/oz|43236028
flour tortillas|Old El Paso Restaurant Style Grande Flour Tortillas, Meal Prep, 6 Count, 21.5 oz|$3.58|$0.167/oz|43310156
butter|Hiland Butter Quarters, Unsalted, 1 LB|$4.88|$0.305/oz|43327883
sour cream|Daisy Pure and Natural Sour Cream, 14 oz Pouch (Refrigerated)|$2.94|$0.21/oz|43365585
bacon|Oscar Mayer Naturally Hardwood Smoked Bacon Mega Pack, 22 oz Pack, 23-25 slices|$8.48|$6.15/lb|43710697
bacon|Oscar Mayer Naturally Hardwood Smoked Thick Cut Bacon Mega Pack, for a Low Carb Lifestyle, 22 oz Pack|$8.48|$6.15/lb|43710698
pork chops|Pork Center Cut Loin Chops Thin Boneless, 5 count, 0.83 - 1.5 lb|$5.37|$5.97/lb|43852206
mayonnaise|Best Foods Made with Cage Free Eggs Light Mayonnaise, 20 fl oz Bottle|$6.47|$0.324/fl oz|43887960
mayonnaise|Hellmann's Light Mayonnaise, Sandwich Spread Condiments, 20 fl oz Squeeze Bottle|$6.47|$0.324/fl oz|43887961
mayonnaise|Hellmann's Real Mayonnaise Rich Creamy Condiment Gluten Free, 20 fl oz Squeeze Bottle|$6.47|$0.324/fl oz|43887962
mayonnaise|Best Foods Real Mayonnaise, Sandwich Spread Condiments, 20 FL OZ Squeeze Bottle​|$6.47|$0.324/fl oz|43887963
mayonnaise|Hellmann's Light Mayonnaise Squeeze Mayo Sandwich Spread 11.5 oz|$4.22|$0.367/fl oz|43887965
mayonnaise|Hellmann's Real Mayonnaise, Sandwich Spread Condiments, 11.5 fl oz Squeeze Bottle|$4.22|$0.367/fl oz|43887966
mayonnaise|Hellmann's Mayonnaise Dressing with Olive Oil Rich in Omega-3 ALA 20 fl oz|$6.47|$0.324/fl oz|43893189
apples|Fresh Fuji Apple, Each|$0.77|$1.46/lb|43923182
hot dogs|Nathan's Famous, Skinless Beef Franks, Bun Length, 28 oz|$13.97|$7.98/lb|43937810
80/20 ground beef|85% Lean / 15% Fat Ground Beef, 1 lb Roll, Fresh, All Natural*|$7.42|$7.42/lb|44001563
strawberries|Great Value Whole Strawberries, 64 oz (Frozen)|$9.42|$0.147/oz|44389039
bananas|Fresh Banana, Each|$0.20|$0.5/lb|44390948
navel oranges|Fresh Mandarin Oranges, 5 lb Bag|$7.96|$1.59/lb|44390951
tomatoes on the vine|Fresh Tomato on the Vine, Bag (1.9 lbs/Bag Est.)|$3.76|$1.98/lb|44390955
avocado|Fresh Small Hass Avocados, 5-6 Count Bag|$3.48|$0.58/ea|44390968
tomatoes on the vine|Fresh Beefsteak Tomatoes, Each|$1.16|$1.97/lb|44390971
milk gallon|Horizon Organic 2% Reduced Fat Milk, 1 Gallon|$7.38|$0.048/fl oz|44390978
milk gallon|Great Value Organic Reduced Fat 2% Milk, 1 Gallon, 128 fl oz|$7.87|$0.061/fl oz|44390987
milk gallon|Horizon Organic DHA Omega-3 2 Percent Milk, DHA Reduced Fat Milk, 64 fl oz Carton|$6.46|$0.101/fl oz|44390989
apples|Freshness Guaranteed Granny Smith Apples, 3 lb Bag|$4.34|$1.45/lb|44390991
yellow onion|Fresh Whole Sweet Onion, Each|$1.15|$1.53/lb|44390992
carrots|Fresh Carrot Chips, 1 lb, Bag, Ready to Eat, Healthy Snack|$2.26|$0.141/oz|44391001
russet potatoes|Russet Baking Potatoes Whole Fresh, Each|$0.62|$0.88/lb|44391004
milk gallon|Great Value Organic Whole Vitamin D Milk, Gallon, 128 fl oz|$7.87|$0.061/fl oz|44391006
navel oranges|Fresh Navel Oranges, 4 lb Bag|$4.52|$1.13/lb|44391012
milk gallon|Great Value Organic Low-fat 1% Milk, 1 Gallon, 128 fl oz|$7.87|$0.061/fl oz|44391021
yellow onion|Marketside Organic Yellow Onions Whole Fresh, 3 lb Bag|$4.68|$1.56/lb|44391032
ground turkey|Honeysuckle White 97% Fat Free Ground White Turkey Tray, Fresh, 1.25 lbs.|$7.44|$5.72/lb|44391039
milk gallon|Great Value Organic Fat-Free Milk, Gallon, 128 fl oz|$7.87|$0.061/fl oz|44391048
milk gallon|Hiland Whole, Vitamin D Milk, Gallon, 128 fl oz|$5.97|$0.047/fl oz|44391061
navel oranges|Navel Oranges, 8 lb Bag|$9.98|$1.25/lb|44391069
milk gallon|Hiland 1% Low Fat Milk, Gallon, 128 Fl Oz|$5.97|$0.047/fl oz|44391076
yogurt|The Greek Gods Greek Style Yogurt, Probiotic Yogurt, Honey Vanilla, 32 oz|$5.18|$0.162/oz|44391081
bacon|Great Value Naturally Hickory Smoked Thick Cut Sliced Bacon, 16 oz|$4.18|$4.18/lb|44391087
yellow onion|Fresh Sweet Onions, 3 lb, Bag|$4.58|$1.53/lb|44391105
milk gallon|Hiland Premium Chocolate Milk, Half Gallon, 64 fl oz|$3.72|$0.058/fl oz|44391115
milk gallon|Hiland Whole, Vitamin D Milk, Half Gallon, 64 Fl Oz|$3.38|$0.053/fl oz|44391178
cottage cheese|Hiland 4% Small Curd Cottage Cheese, 16 Oz|$3.10|$0.194/oz|44391187
pork chops|Pork Center Cut Loin Chops Thin Boneless, 14 count, 2.16 - 4.25 lb Tray|$15.58|$5.77/lb|44391196
cottage cheese|Hiland 2% Milk Fat Cottage Cheese, 24 oz Tub|$4.38|$0.183/oz|44391290
ketchup|Great Value Tomato Ketchup, 38 oz|$1.97|$0.052/oz|44391309
strawberries|Fresh Strawberries, 1 lb Container|$2.38|$0.149/oz|44391605
apples|Fresh Fuji Apples, 3 lb Bag|$4.34|$1.45/lb|44391639
ground turkey|Honeysuckle White 85% Lean / 15% Fat Ground Turkey Tray, Fresh, 1.25 lbs.|$4.96|$3.82/lb|44419698
toilet paper|Scott® Professional 100% Recycled Fiber Standard Roll Toilet Paper, Bulk (13217), Elevated Design, 2-Ply, Individual Wrap (80 Rolls, 473 Sheets Each)|$61.92|$6192.00/100 ct|44890410
carrots|Organic Fresh Shredded Carrots, 10 oz Bag|$2.43|$0.243/oz|44933639
white bread|Wonder Bread Texas Toast, Thick Sliced White Loaf Bread, 20 oz, Shelf-Stable|$4.67|$0.234/oz|45025258
yogurt|Oikos Triple Zero 15g ProteinBanana Creme Greek Yogurt, 90 Calories, 0g Added Sugar and 0 Artificial Sweeteners,NonfatYogurt Pack, Great forOffice Snacks,5.3 ozCups, 4 Count|$1.38|$0.26/oz|45595083
milk gallon|Hiland 2% Reduced Fat Chocolate Milk, Gallon, 128 fl oz|$6.63|$0.052/fl oz|45595262
cottage cheese|Hiland Lowfat Cottage Cheese, 4 Oz. Snack Cup|$1.12|$0.28/oz|45595266
ketchup|Heinz Organic Tomato Ketchup, 32 oz Bottle|$7.48|$0.234/oz|45612361
strawberries|Fresh USDA Organic Strawberries, 1 lb Container|$3.34|$0.209/oz|45618183
spaghetti|Great Value Whole Wheat Spaghetti, 16 oz (Shelf Stable)|$1.66|$0.104/oz|45653171
yogurt|Oikos Triple Zero 17g Protein Vanilla Greek Yogurt, 100 Calories, 0g Added Sugar and 0 Artificial Sweeteners, Nonfat Yogurt, Great High Protein Snack, 32 oz Tub|$6.27|$0.196/oz|45743173
avocado|WHOLLY Guacamole Avocado Verde Salsa 10 oz|$3.42|$0.342/oz|45794665
butter|Land O Lakes Butter with Olive Oil & Sea Salt, Spreadable, 13 oz Tub|$4.97|$0.382/oz|45956707
sour cream|Hiland Sour Cream Chive Dip, 16 Oz.|$2.39|$0.149/oz|45961799
russet potatoes|Idahoan Buttery Homestyle Reduced Sodium Potatoes, 4 oz Pouch|$7.35|$1.84/oz|46083029
strawberries|Chobani Flip Almond Coco 4pk|$5.58|$0.263/oz|46083074
granulated sugar|Sugar In The Raw, Granulated Turbinado Cane Sugar 4 LB Bag,  All-Natural Sugar|$7.84|$0.123/oz|46330158
granulated sugar|Florida Crystals Regenerative Organic Raw Cane Sugar, 6 lb|$10.57|$0.11/oz|46330162
butter|Great Value Salted Whipped Butter, 8 oz Tub|$2.78|$0.348/oz|46463029
cottage cheese|Hiland Large Curd Cottage Cheese, 24 Oz.|$4.38|$0.183/oz|46491644
milk gallon|Hiland Fat Free Milk, One Gallon, 128 Fl Oz|$5.97|$0.047/fl oz|46491660
carrots|Fresh Shredded Orange Carrots, 10 Oz Bag|$1.93|$0.193/oz|46491672
apples|Fresh Organic Gala Apples, 3 lb Bag|$6.83|$2.28/lb|46491702
shredded cheese|Great Value Triple Cheddar Finely Shredded Cheese, 8 oz Bag|$1.97|$0.246/oz|46491724
bacon|Great Value Reduced Sodium Real Bacon Pieces, 2.5 oz|$1.97|$0.788/oz|46491794
pork chops|Smithfield Applewood Smoked Bacon Fresh Seasoned Pork Loin Filet, 2.03 - 2.5 lb, 20 Grams of Protein per Serving|$8.48|$4.24/lb|46500420
frozen pizza|Red Baron Cheese Trio Brick Oven Frozen Pizza, 17.82 oz|$4.82|$0.271/oz|46615194
shredded cheese|Kraft Mexican Style Cheddar Jack Finely Shredded Cheese, 8 oz Bag|$2.98|$0.373/oz|46629477
frozen pizza|Red Baron Pepperoni Brick Oven Frozen Pizza, 17.89 oz|$4.82|$0.269/oz|46715982
shredded cheese|Kraft Triple Cheddar Finely Shredded Natural Cheese 8oz Bag|$2.98|$0.373/oz|46829582
carrots|Birds Eye Steamfresh Mixed Vegetables, Frozen Vegetables, 10 oz. Bag|$1.27|$0.127/oz|46879779
shredded cheese|Kraft Sharp Cheddar Shredded Cheese, 8 oz Bag|$2.98|$0.373/oz|46921294
shredded cheese|Kraft Italian Five Cheese Blend Shredded Cheese, 8 oz Bag|$2.98|$0.373/oz|47041165
shredded cheese|Kraft Mozzarella Shredded Cheese 8 oz Bag|$2.98|$0.373/oz|47041166
shredded cheese|Kraft Colby Jack Finely Shredded Cheese, 8 oz Bag|$2.98|$0.373/oz|47041171
shredded cheese|Kraft Mexican Style Four Cheese Finely Shredded Natural Cheese 8oz Bag|$2.98|$0.373/oz|47088918
shredded cheese|Kraft Natural Sharp Cheddar Finely Shredded Cheese, 8 oz Bag|$2.98|$0.373/oz|47088919
sliced deli ham|Hillshire Farm Ultra Thin Black Forest Ham Lunchmeat, 16 oz Plastic Tub, Refrigerated|$6.48|$6.48/lb|47088937
broccoli crowns|Hillshire Farm Ultra Thin Sliced Hard Salami Lunchmeat, 7 oz Plastic Tub, Refrigerated|$4.56|$10.36/lb|47088938
blueberries|Emergency Essentials Freeze-Dried Whole Blueberries, 10 oz|$59.98|$4.80/count|47157541
yogurt|Yoplait Original Low Fat Yogurt Variety Pack, Made with Real Fruit, 8 Yogurt Cups, 48 oz|$4.96|$0.103/oz|47183344
yogurt|Yoplait Original Low Fat Yogurt Variety Pack, 8 Yogurt Cups, Made with Real Fruit, 48 oz|$4.96|$0.103/oz|47183345
blueberries|Salad Pizazz! Dried Blueberries and Honey Pecans Fruit & Nut Topping, 3.5 oz Bag|$2.97|$0.849/oz|47197142
peanut butter|Great Value Creamy Peanut Butter, 64 oz|$6.47|$0.101/oz|47375932
sour cream|Great Value Original Sour Cream, 48 oz|$4.92|$0.103/oz|47386251
sliced deli ham|Great Value Thin Sliced Honey Ham Lunchmeat, Family Pack, 16 oz Plastic Tub, 10 g of Protein per 2 oz Serving|$5.97|$5.97/lb|47394318
sliced deli ham|Great Value Thin Sliced Black Forest Ham Lunchmeat, Family Pack, 1 lb, Resealable Plastic Tub, 10 g of Protein per 2 oz Serving|$5.97|$5.97/lb|47394319
spaghetti|Barilla Whole Grain Spaghetti, 100% Whole Wheat, 16 oz. Box|$1.84|$0.115/oz|47757014
grapes|Red Seedless Grapes, Bag (2.25 lbs/Bag Est.)|$4.21|$1.87/lb|47770140
whole chicken|Tyson All Natural Premium Chicken Cornish Hen twin pack, 3.25 lb (Frozen)|$11.34|$3.44/lb|48533971
salmon fillet|Cole’s Patagonian Smoked Salmon in Extra Virgin Olive Oil 3.2 oz – Fish Fillet, High Protein, Canned, Skinless, Boneless, Gluten-Free|$4.98|$1.56/oz|48813486
hot dogs|Wimmer's Skinless Wieners, Hot Dogs, 24 oz, 14 Ct|$8.18|$5.45/lb|48966146
yogurt|Oikos Triple Zero 15g ProteinVanilla Greek Yogurt, 90 Calories, 0g Added Sugar and 0 Artificial Sweeteners,NonfatYogurt Pack, Great forOffice Snacks,5.3 ozCups, 4 Count|$4.83|$0.228/oz|49028504
yogurt|Stonyfield Organic Vanilla Whole Milk Probiotic Yogurt, 32 oz Container|$5.17|$0.162/oz|49231864
flour tortillas|Mission Super Soft Flour Tortillas, Soft Taco Size, 20 Count|$4.98|$0.142/oz|49238673
cereal|Great Value Bran Flakes Breakfast Cereal, 15.6 oz|$2.48|$0.159/oz|49303124
yogurt|Oikos Triple Zero 15g Protein, 0g Added Sugar, Fat Free Mixed Berry Greek Yogurt Cups, 5.3 oz, 4 Count|$4.83|$0.228/oz|49329681
yogurt|Oikos Triple Zero 15g ProteinStrawberry and Mixed Berry Greek Yogurt, 90 Calories, 0g Added Sugar and 0 Artificial Sweeteners,NonfatYogurt Pack, Great forOffice Snacks,5.3 ozCups, 6 Count|$6.57|$0.207/oz|49342252
yogurt|Noosa Yoghurt, Blended Whole Milk Yogurt, Velvety Smooth & Creamy, Vanilla Bean, 4 oz, Pack of 4|$3.98|$0.249/oz|49511113
grapes|Marketside Fresh Seedless Whole Grapes, 10 oz Tray (Ready-to-Eat)|$3.67|$0.367/oz|49658301
all purpose flour|Southern Biscuit All-Purpose Flour, 32 oz|$16.95|$16.95/lb|49933309
chicken thighs|Tyson All Natural Fresh Chicken Drumsticks, 1.25 - 2.75 lb Tray|$3.76|$1.98/lb|49976768
chicken thighs|Tyson All Natural, Fresh Chicken Thighs, 1.25 - 3.25 lb Tray|$5.93|$2.58/lb|49976769
whole chicken|Tyson All Natural Fresh Chicken Wings, 1.0 - 3.0 lb Tray|$7.68|$3.84/lb|49976770
whole chicken|Tyson All Natural Fresh Chicken Wingettes, 0.9 - 2.0 lb Tray|$6.73|$4.64/lb|49976772
boneless skinless chicken breast|Tyson All Natural, Fresh Chicken Breast Tenderloins, 0.9 - 2.4 lb Tray|$7.37|$5.08/lb|49976773
frozen pizza|DiGiorno Five Cheese, Stuffed Crust Pizza, 1.388 lb. (Frozen)|$8.47|$0.382/oz|50427112
frozen pizza|DiGiorno Frozen Pizza, Stuffed Crust Cheese and Pepperoni Pizza, 22.2 oz (Frozen)|$8.47|$0.382/oz|50427113
bacon|Great Value Real Bacon Pieces, Shelf-Stable, 9 oz|$5.97|$0.663/oz|51002252
white bread|Dave's Killer Bread White Bread Done Right Organic Bread Loaf, Organic White Bread, 24 oz, Shelf-Stable (24 ounce)|$6.42|$0.268/oz|51173014
chicken thighs|Great Value All Natural Boneless Skinless Chicken Thighs, 3 lb (Frozen)|$9.87|$3.29/lb|51259017
boneless skinless chicken breast|Great Value All Natural Chicken Breast Tenderloins, 3 lb (Frozen)|$9.83|$3.28/lb|51259070
80/20 ground beef|Ground Beef 80% Lean/20% Fat, All Natural*, 4 lb Tray|$26.53|$6.63/lb|51259088
chicken thighs|Tyson All Natural, Fresh Chicken Thighs, Family Pack, 3.25 - 6.75 lb Tray|$8.83|$1.77/lb|51259108
pork chops|Pork Center Cut Loin Chops, Thick, Boneless, 2 count, 0.89 - 1.45 lb Tray|$6.06|$5.66/lb|51259109
ground turkey|Perdue Harvestland, Fresh Ground Chicken, 92% Lean 8% Fat, 1 lb. Tray|$3.92|$3.92/lb|51259112
carrots|Marketside Organic Fresh Whole Carrots, 2 lb Bag|$2.38|$0.074/oz|51259191
grapes|Fresh Red Grapefruit, 5 lb Bag|$5.98|$1.20/lb|51259195
carrots|Organic Marketside Fresh Baby Peeled Carrots, 1 lb Bag|$1.73|$0.108/oz|51259199
apples|Fresh Organic Pink Lady Apples, 2 lb Pouch|$3.93|$1.97/lb|51259207
yellow onion|Fresh Whole White Onions, Each|$1.17|$1.38/lb|51259208
apples|Fresh Pink Lady Apples, 3lb Bag|$4.14|$1.38/lb|51259209
yellow onion|Fresh Whole Yellow Onion, Each|$1.00|$1.14/lb|51259212
yellow onion|Fresh Whole Red Onion, Each|$1.19|$1.43/lb|51259215
iceberg lettuce|Green Leaf Lettuce Filet, 7 oz|$3.07|$0.439/oz|51259274
carrots|Fresh Whole Carrots, 5 lb Bag|$4.77|$0.06/oz|51259299
carrots|Fresh Organic Marketside Petite Carrots, 12 oz Bag|$2.32|$0.193/oz|51259300
apples|Fresh Envy Apple, Each|$1.05|$1.88/lb|51259330
grapes|Fresh Red Globe Seeded Grapes, Bag (2.25 lbs/Bag Est.)|$5.33|$2.37/lb|51259331
bananas|Marketside Fresh Organic Bananas, Bunch|$1.74|$0.74/lb|51259338
broccoli crowns|Fresh Whole Green Broccoli Crowns, 1 Each|$1.72|$2.12/lb|51259378
broccoli crowns|Marketside Fresh Broccoli Florets, 32 oz|$6.16|$0.193/oz|51259389
frozen pizza|Wild Mike's Ultimate Pizza Super Sized Combination. (Frozen) All Natural No Artificial Anything. Marinara sauce and 4 cheese blend.|$8.97|$0.219/oz|51259436
frozen pizza|Wild Mike's Ultimate Pizza Super-Sized Pepperoni (Frozen) Marinara Sauce and 4 Cheese Blend.|$8.97|$0.223/oz|51259442
milk gallon|TruMoo 1% Lowfat Chocolate Milk Gallon|$5.42|$0.042/fl oz|51259527
large eggs|Eggland's Best Large White Eggs, 18 Count|$5.72|$0.159/oz|51259531
hot dogs|Oscar Mayer Velveeta Cheese Hot Dogs Mega Pack, 20 Count. Box|$7.46|$0.233/oz|51316699
frozen pizza|DiGiorno Frozen Pizza, Stuffed Crust Cheese and Three Meat Pepperoni, Beef, and Sausage Pizza, 24.5 oz (Frozen)|$8.47|$0.346/oz|51350824
frozen pizza|DiGiorno Supreme, Stuffed Crust Pizza, 26.4 oz (Frozen)|$8.47|$0.321/oz|51409814
ketchup|Whataburger Fancy Ketchup, 20 oz Squeeze Bottle|$12.50|$0.625/oz|51762275
ketchup|Whataburger Spicy Ketchup, 20 oz Squeeze Bottle|$10.98|$0.549/oz|51762276
yogurt|Oikos Triple Zero 15g ProteinStrawberry Greek Yogurt, 90 Calories, 0g Added Sugar and 0 Artificial Sweeteners,NonfatYogurt Pack, Great forOffice Snacks,5.3 ozCups, 4 Count|$4.83|$0.228/oz|51870740
pasta sauce marinara|Great Value Organic Marinara Pasta Sauce, 24 oz|$2.36|$0.098/oz|52796305
yogurt|Go-GURT Disney Stitch Yogurt Tubes, Cherry, Berry, 6g Protein, Calcium, 16 Count, 32 oz|$4.97|$0.155/oz|53979102
carrots|Birds Eye Steamfresh Broccoli, Carrots, Sugar Snap Peas, Water Chestnuts, Frozen Vegetables, 10.8 oz|$1.87|$0.173/oz|54049485
broccoli crowns|Birds Eye Steamfresh Broccoli Florets, Frozen Vegetables, 10.8 oz. Bag|$1.87|$0.173/oz|54049488
pasta sauce marinara|Scimeca's Famous Marinara Sauce, 26 oz|$4.44|$0.171/oz|54300713
flour tortillas|Mission Super Soft Flour Tortillas, Street Tacos Size, 12 Count|$2.22|$0.202/oz|54513679
spaghetti|SpaghettiOs Original Canned Pasta, 15.8 oz Can|$1.48|$0.094/oz|55019241
spaghetti|SpaghettiOs Canned Pasta with Meatballs, 15.6 oz Can|$1.48|$0.095/oz|55019243
ground turkey|Old Wisconsin Gluten Free Turkey Sausage Snack Sticks, 28 oz Resealable Plastic Pouch. Shelf Stable|$16.44|$9.39/lb|55522122
mayonnaise|Great Value Reduced Fat Mayonnaise with Olive Oil, 30 fl oz|$3.80|$0.127/fl oz|100426716
shredded cheese|Great Value Medium Cheddar Shredded Cheese, 16 oz Bag|$3.48|$0.218/oz|100470326
boneless skinless chicken breast|Tyson All Natural, Fresh, Boneless, Skinless Chicken Breasts, 1.9 - 5.0 lb Tray|$9.81|$3.27/lb|100546946
cottage cheese|Hiland Low Fat Cottage Cheese, 48 Oz.|$8.47|$0.176/oz|101037613
orange juice|Florida's Natural Orange Juice With Pulp 89 oz|$6.98|$0.078/fl oz|101698030
ground coffee|Cafe Sello Rojo Tradicional Coffee  Medium Roast Ground Coffee Bag   10 Ounce|$7.82|$0.889/oz|103351689
mayonnaise|Hellmann's Real Mayonnaise Condiments, 5.5 fl oz Squeeze Bottle|$3.16|$0.575/fl oz|103530432
granulated sugar|Imperial Sugar Extra Fine Granulated 25 Pounds Kosher Gluten-Free Allergen-Free|$48.99|$1.96/ea|103700065
yogurt|FAGE Total All Natural Whole Milk Plain Greek Strained Yogurt, 32 oz|$6.96|$0.218/oz|104030552
large eggs|Happy Egg Organic 12ct|$6.64|$0.553/ea|104199803
butter|Kerrygold Grass-Fed Garlic & Herb Pure Irish Butter, 3.5 oz.|$2.76|$0.789/oz|105061724
all purpose flour|(4 pack) (4 pack) King Arthur Baking Company Non-GMO Project Verified, Certified Kosher Unbleached All Purpose Flour, 10 lb Bag|$40.01|$0.063/oz|106326777
shredded cheese|Great Value Monterey Jack Shredded Cheese, 8 oz Bag|$1.97|$0.246/oz|106764433
boneless skinless chicken breast|Perdue Harvestland, Organic, Fresh Boneless Skinless Chicken Thighs, 1-2.5 lb. Tray|$8.58|$6.86/lb|107039963
pork chops|Smithfield Steakhouse Fresh Seasoned Pork Tenderloin, 0.5–1.9 lb, 20 Grams of Protein per 4 oz Serving|$6.08|$4.34/lb|107811834
ground coffee|Maxwell House Breakfast Blend Mild Roast Ground Coffee, 25.6 oz Canister|$13.97|$0.546/oz|108758367
boneless skinless chicken breast|Eliche|$6.99|$0.028/g|109515619
bacon|Jimmy Dean Premium Applewood Smoked Refrigerated Bacon, 12 oz|$4.98|$6.64/lb|110312999
mayonnaise|Great Value Mayonnaise, 48 fl oz|$4.98|$0.104/fl oz|110764877
pork chops|Pork Center Cut Loin Chops, Thin, Bone-In, 1.09 - 2 lb|$6.81|$4.97/lb|110890254
iceberg lettuce|Crisphead Lettuce Garden Seeds - Iceberg - 1 Oz - Non-GMO, Heirloom Vegetable Gardening & Salad Microgreens Seed|$10.66|$10.66/oz|112163862
carrots|Organic Fresh Rainbow Baby Carrots, 12 oz, Bag|$1.97|$0.164/oz|114204302
yogurt|Activia Peach and Black Cherry Low Fat Probiotic Yogurt Cups Variety Pack, Helps Support Gut Health, 4 oz, 12 Count|$6.86|$0.143/oz|114294235
shredded cheese|Great Value Extra Sharp Cheddar Shredded Cheese, 16 oz Bag|$3.48|$0.218/oz|114613927
large eggs|Vital Farms Pasture Raised Grade A Brown Eggs, Large, 12 Ct|$7.46|$0.622/ea|115864065
white bread|Dave's Killer Bread White Bread Done Right Thin Sliced Organic Bread, 20.5 oz, Shelf-Stable|$6.12|$0.299/oz|116548429
tomatoes on the vine|Bonnie Plants Original Tomato 19.3 oz. 2-pack|$9.36|$4.68/count|116951025
white bread|Nature's Own Perfectly Crafted White Bread, Thick Sliced Non-GMO Sandwich Bread, 22 oz Loaf|$4.02|$0.183/oz|117901527
flour tortillas|Mission Carb Balance Whole Wheat Flour Tortillas, Soft Taco Size, 8 Count|$4.88|$0.407/oz|121609670
large eggs|Great Value Hard Boiled Eggs, 9.31 oz, 6 Count|$3.77|$0.405/oz|122116064
all purpose flour|Great Value All-Purpose Flour, 10 lb Bag|$4.57|$0.029/oz|122814298
orange juice|NOS Original|$2.28|$0.143/fl oz|123527363
yogurt|Noosa Yoghurt, Whole Milk Yogurt, Velvety Smooth & Creamy, Vanilla, Multiserve Tub 24 oz|$5.54|$0.231/oz|124036704
white bread|Sara Lee Delightful White Bread, 15 oz, White Bread, Bag|$3.36|$0.224/oz|124499625
boneless skinless chicken breast|Great Value All Natural Boneless Skinless Chicken Breast, 8 lb (Frozen)|$22.37|$2.80/lb|124757727
boneless skinless chicken breast|Freshness Guaranteed Boneless Skinless Chicken Thighs Family Pack, 2.75 - 5.7 lb Tray|$13.91|$3.22/lb|124782654
ground coffee|Maxwell House Gourmet Roast Medium Roast Ground Coffee, 25.6 oz Canister|$14.46|$0.565/oz|126133183
cream cheese|Great Value Original Cream Cheese Spread Tub, 16 oz|$3.86|$0.241/oz|126245732
ground turkey|Perdue Harvestland Antibiotics Fresh Ground Turkey, 98/2%, Tray, 1 Pound, 27 Grams of Protein per Serving|$7.86|$7.86/lb|126876749
yogurt|Great Value Kids Low-fat Blueberry & Strawberry Yogurt Variety Pack, 2 oz Yogurt Tubes, 8 Count|$1.87|$0.117/oz|127112781
ground coffee|Melitta Colombian Supreme Ground Coffee, 22 oz|$7.98|$0.363/oz|127345171
long grain white rice|Mahatma Long Grain White Rice, Gluten Free, 2 lb Bag|$3.98|$0.124/oz|127670415
whole chicken|Valley Fresh White Chicken|$3.56|$0.243/oz|129868520
white bread|Ball Park Tailgaters Gourmet Extra Large Buns, 8 count, White Hamburger Buns, 21 oz Bag|$4.12|$0.196/oz|130713408
pork chops|Prairie Fresh Natural Fresh Pork Tenderloin 2 Pieces, Boneless, 1.75-3.0 lb, 23g of Protein Per 4oz serving|$8.93|$3.97/lb|131070657
butter|Great Value Sweet Cream Salted Butter, 16 oz Box, 4 Sticks, Refrigerated|$3.06|$0.191/oz|132893363
large eggs|Great Value Jumbo White Eggs, 12 Count|$1.84|$0.061/oz|133610861
80/20 ground beef|Marketside Organic Grass-Fed Ground Beef, 93% Lean/7% Fat, 1 lb|$7.47|$7.47/lb|133893542
ketchup|Great Value Organic Tomato Ketchup, 20 oz|$2.12|$0.106/oz|134201720
large eggs|Happy Egg Co. Organic Free-Range Large Brown Eggs, 12 Count, USDA Organic|$6.64|$0.553/count|134714692
vanilla ice cream|Kemps Vanilla Ice Cream Pail, 1 Gallon|$7.24|$0.057/fl oz|134769515
large eggs|Great Value Extra Large White Eggs, 18 Count|$2.43|$0.06/oz|135825185
shredded cheese|Tillamook Farmstyle Shredded Triple Cheddar Cheese, 8 oz|$3.98|$0.498/oz|136304865
milk gallon|TruMoo Whole Chocolate Milk Half Gallon|$3.26|$0.051/fl oz|136456465
yogurt|Go-GURT SpongeBob Yogurt Tubes, Strawberry, Cotton Candy, 6g Protein, 16 Count, 32 oz|$4.97|$0.155/oz|138914564
ketchup|Great Value 50/50 Tomato Ketchup, 19.5 oz|$2.12|$0.109/oz|139040094
granulated sugar|Domino Premium Pure Cane Granulated Sugar 25 lb. Bag|$37.99|$0.095/oz|141712649
large eggs|Great Value Large White Eggs, 36 Count|$4.32|$0.06/oz|142616435
frozen pizza|Jack's Frozen Meat Pizza, Pepperoni and Cheese, Original Thin Crust Pizza for Grilling, 43.1 oz (Frozen)|$9.97|$0.231/oz|142733629
milk gallon|TruMoo Toy Story 1% Lowfat Strawberry Milk, Half Gallon|$3.26|$0.051/fl oz|144044488
large eggs|Great Value Large White Eggs, 12 Count|$1.47|$0.061/oz|145051970
cottage cheese|Daisy Cottage Cheese with Pineapple, 4% Milkfat, 6 oz Cup (Refrigerated)  14g of Protein per Serving|$1.68|$0.28/oz|145287826
boneless skinless chicken breast|Perdue Harvestland, Organic, Fresh Boneless Chicken Breast, 1-2 lb. Tray|$8.76|$6.74/lb|145781250
80/20 ground beef|Marketside Grass-Fed Ground Beef, 80% Lean/20% Fat, 1 lb|$6.26|$6.26/lb|147307377
arm and hammer detergent|ARM & HAMMER Plus OxiClean 5-in-1 Laundry Detergent Paks, Fresh Scent, 42 Count|$8.98|$0.303/oz|147545592
yogurt|Go-GURT Bluey Yogurt Tubes, Strawberry, Mixed Berry, 6g Protein, Calcium, 16 Count, 32 oz|$4.97|$0.155/oz|148602296
ground turkey|Honeysuckle White 93% Lean / 7% Fat Ground Turkey Tray, Fresh, 1.2 lbs.|$5.46|$4.55/lb|149103877
butter|Kerrygold Grass-Fed Salted Pure Irish Butter, 8 oz.|$4.68|$0.585/oz|149199797
salmon fillet|Latitude 45 Cold Smoked Atlantic Salmon, 4 oz. Serving size 2 oz, 2 Servings per Container|$5.97|$1.49/oz|149452092
butter|Challenge Butter, Unsalted Butter, 16 oz, 4 sticks|$4.28|$0.268/oz|149861270
paper towels|Sparkle Tear-A-Square Paper Towels, 2 Double Rolls, 110 Sheets per Roll|$3.38|$1.54/100 ct|150941272
apples|Fresh Honeycrisp Apples, 3 lb Bag|$8.57|$2.86/lb|151762086
whole chicken|Sanderson Farms Fresh Whole Chicken, Twin Pack, 24g Protein, 4oz 112g, 11.0 - 12.2 lb|$15.27|$1.32/lb|153687822
paper towels|Great Value Ultra Strong Paper Towels, Split Sheets, 2 Double Rolls|$3.47|$1.45/100 ct|153786191
boneless skinless chicken breast|Perdue Harvestland Perfect Portions Free Range Boneless Skinless Chicken Breast (1.65 lbs.)|$8.24|$0.343/oz|153857647
ground turkey|JENNIE-O Ground Turkey All Natural, 85/15%, Tray, 1 Pound, 17 Grams of Protein per Serving|$4.96|$4.96/lb|155423497
ground turkey|JENNIE-O Ground Turkey Breast, 99/1% Tray, All Natural, 1 Pound, 29 Grams of Protein per Serving|$6.96|$6.96/lb|156783992
orange juice|SUNNYD Tangy Original Shelf Stable Orange Juice Drink, 18 Count, 6.75 fl oz Bottles|$6.54|$0.054/fl oz|157285145
apples|Fresh Organic Granny Smith Apples, 3 lb Pouch|$6.58|$2.19/lb|157381791
cream cheese|Great Value Whipped Strawberry Cream Cheese Spread, 12 oz Tub (Refrigerated)|$2.92|$0.243/oz|158270029
vanilla ice cream|Great Value Reduced Fat Vanilla Ice Cream Bars, 30 fl oz, 12 Pack|$3.14|$0.105/fl oz|158778799
boneless skinless chicken breast|Perdue Harvestland, Organic, Fresh Chicken Breast Tenderloins, 0.8-2 lb. Tray|$8.53|$8.53/lb|161140228
butter|Country Crock Original Buttery Spread Tub, 67.5 oz|$8.33|$0.123/oz|161508578
all purpose flour|Pillsbury All Purpose Flour, 2 Lb Bag|$2.48|$0.078/oz|162959096
bananas|Simple Kitchen Freeze-Dried Sliced Bananas, 1.6 oz|$3.31|$2.07/oz|163092222
milk gallon|TruMoo Whole Chocolate Milk Gallon|$5.45|$0.043/fl oz|163603061
granulated sugar|Domino Pure Cane Extra Fine Granulated Sugar, 50 lb (22.67 kg), Paper Bag|$84.95|$84.95/count|164275082
shredded cheese|Great Value Pepper Jack Shredded Cheese, 8 oz Bag|$1.97|$0.246/oz|164334732
iceberg lettuce|Taylor Farms Caesar Salad with Bacon and Chicken, 5.75 oz (Fresh)|$3.47|$0.603/oz|165223637
large eggs|Great Value Extra Large White Eggs, 12 Count|$1.66|$0.138/count|165233284
pasta sauce marinara|Rao's Homemade Marinara Sauce Made with Italian Tomatoes, 40 oz|$9.98|$0.25/oz|167515261
paper towels|Scott Paper Towels, Choose-A-Sheet, 6 Double Rolls|$13.45|$2.04/100 ct|167945785
mayonnaise|Kraft Mayo with Avocado Oil Reduced Fat Mayonnaise, 30 fl oz Jar|$4.98|$0.166/fl oz|167995686
cereal|Cap'n Crunch Sweetened Corn & Oat Cereal, 22.1 oz Box|$4.97|$0.225/oz|168489631
carrots|Birds Eye Steamfresh Asian Vegetable Medley, Frozen Vegetables, 10.8 oz. Bag|$2.88|$0.267/oz|169290497
spaghetti|SpaghettiOs Super Mario Bros Canned Pasta with Meatballs, 15.6 oz Can|$1.37|$0.088/oz|169872045
white bread|Canyon Bakehouse Mountain White Gluten Free White Bread Loaf, 18 oz., Frozen|$6.47|$0.359/oz|169886822
tomatoes on the vine|Bonnie Plants Better Bush Tomato, 19.3 oz., 2-Pack, Live Plants|$9.36|$0.485/oz|171634562
large eggs|Great Value Large White Eggs, 6 Count|$0.86|$0.072/oz|172144435
ketchup|Great Value Tomato Ketchup, 32 oz, Gluten Free, Allergy Friendly|$1.97|$0.062/oz|172196409
yellow onion|Fresh White Onions, 3 lb Bag|$4.14|$1.38/lb|172435859
large eggs|Great Value Large White Eggs, 18 Count|$2.17|$0.06/oz|172844767
hot dogs|Ball Park Bun Length Beef Hot Dogs, 30 oz, 16 Count|$10.48|$5.57/lb|173545713
butter|Kerrygold Naturally Softer Irish Butter, All Purpose Grass Fed Soft Butter Tub|$5.56|$0.695/oz|174624329
spaghetti|SpaghettiOs Original Canned Pasta, 15.8 oz Can (Pack of 4)|$4.97|$0.079/oz|176956371
ground turkey|JENNIE-O Fresh Lean Ground Turkey, Fresh Meat, 93% Lean/7% Fat, *All Natural, 16 oz Plastic Tray|$5.46|$5.46/lb|177404094
all purpose flour|Great Value All-Purpose Unbleached Wheat Flour, 5 lb Bag|$2.58|$0.032/oz|178921158
ground turkey|Butterball All Natural Fresh Turkey Breakfast Sausage, 16 oz. Roll|$4.12|$0.258/oz|180547976
large eggs|Willamette Egg Farms Willamette|$1.84|$0.087/oz|180888226
all purpose flour|Pillsbury All Purpose Flour 5lb|$3.98|$0.05/oz|181556274
chicken thighs|Hellmann's Real Mayonaise 2 Count|$14.50|$0.29/ea|182113271
carrots|Birds Eye Steamfresh Carrots, Broccoli and Cauliflower, Frozen Vegetables, 10.8 oz. Bag|$1.87|$0.173/oz|182569608
orange juice|Florida's Natural Orange Juice No Pulp 52 oz|$4.24|$0.082/fl oz|183363377
mayonnaise|Chosen Foods 100% Pure Avocado Oil Classic Mayo 12 oz Jar|$7.98|$0.665/fl oz|183731882
butter|Kerrygold Grass-Fed Pure Irish Unsalted Butter, 8 Oz, 2 Sticks|$4.96|$0.62/oz|184789958
flour tortillas|Great Value Medium Flour Tortillas, 12 oz, 8 Count|$3.12|$0.26/oz|186192940
avocado|Great Value Diced Avocados, 10 oz Bag (Frozen)|$3.24|$0.324/oz|188424438
iceberg lettuce|Marketside Organic Fresh Romaine Lettuce Hearts, 3 Pack|$4.74|$0.395/oz|189196217
bananas|Mavuno Harvest Organic Dried Fruit, Banana, 2 Ozbag|$8.20|$4.10/oz|193164902
butter|Kerrygold Irish Grass-Fed Irish Salted Butter Sticks, 8 oz, 2 Sticks|$4.96|$0.62/oz|193243827
ground turkey|JENNIE-O Fresh Lean Ground Turkey, 85/15%, Tray, 3 Pounds, 19 Grams of Protein per Serving|$13.34|$4.45/lb|193573942
large eggs|Great Value Large White Eggs, 60 Count|$7.13|$0.059/oz|193637719
carrots|Fresh Baby-Cut Carrot Snack Pack, 4 Pack of 3 oz Bags, 12 oz|$2.24|$0.187/oz|193731341
peanut butter|Jif No Added Sugar Creamy Peanut Butter Spread, 15.5 oz. - Smooth, Creamy Texture, No Stir Peanut Butter Spread|$3.12|$0.201/oz|193962860
butter|Kerrygold Grass-Fed Unsalted Pure Irish Butter Foil, 8 Oz.|$4.68|$0.585/oz|193997115
cottage cheese|Great Value 4% Milkfat Minimum Small Curd Cottage Cheese, 48 oz|$5.46|$0.114/oz|194454639
orange juice|Great Value 100% Pasteurized Orange Juice, Pulp, 52 fl oz|$3.96|$0.076/fl oz|194877382
cereal|Honey Bunches of Oats Honey Roasted Breakfast Cereal with Oats and Granola Clusters, 28 oz Box|$5.97|$0.213/oz|196154743
sour cream|Daisy Pure and Natural Light Squeeze Sour Cream, 50% Less Fat, 14 oz Pouch (Refrigerated)|$2.94|$0.21/oz|198934971
large eggs|Whitewater Valley 18|$2.43|$0.06/oz|199317612
mayonnaise|Hellmann's Spicy Chili Pepper Mayonnaise, Dressing Condiments, 11.5 fl oz Squeeze Bottle|$4.22|$0.367/fl oz|208468656
grapes|Marketside Fresh Cut Tropical Fruit Trio, 16 oz Tray|$7.97|$0.498/oz|209179359
toilet paper|Charmin Essentials Strong Toilet Paper 6 Mega Rolls, 429 Sheets Per Roll|$5.77|$0.224/100 ct|212237331
cereal|REESE'S PUFFS Whole Grain Chocolatey Peanut Butter Breakfast Cereal (11.5 oz)|$2.97|$0.258/oz|212356163
cottage cheese|Breakstone's Cottage Doubles Lowfat Cottage Cheese with 2% Milkfat and Peach Topping, 4.7 oz Cup|$1.18|$0.251/oz|213302297
flour tortillas|CHI-CHI'S Flour Tortillas Street Taco Size, Shelf Stable, 9oz  Resealable Plastic Package, (10 Tortillas)|$1.54|$0.171/oz|214833184
long grain white rice|BEN'S ORIGINAL Converted Brand Enriched Long Grain White Rice, Parboiled Rice, 2 lb Box|$4.52|$0.141/oz|215015094
iceberg lettuce|Marketside Santa Fe Style Salad with Chicken, 6.35 oz Bowl (Fresh)|$2.97|$0.468/oz|215031623
bacon|Jimmy Dean Premium Hickory Smoked Refrigerated Bacon, 12 oz|$4.98|$6.64/lb|216292890
yogurt|Oikos Triple Zero 15g ProteinCherry Greek Yogurt, 90 Calories, 0g Added Sugar and 0 Artificial Sweeteners,NonfatYogurt Pack, Great forOffice Snacks,5.3 ozCups, 4 Count|$4.83|$0.228/oz|217288617
cereal|Cinnamon Toast Crunch Breakfast Cereal, Crispy Cinnamon Cereal, 12 oz|$2.97|$0.248/oz|218223637
granulated sugar|Domino Premium Pure Cane Granulated Sugar, 3.5 lb Tub|$6.17|$0.11/oz|219588515
butter|Danish Creamery European Style Unsalted Butter, 8 oz, 2 Sticks|$3.44|$0.43/oz|226663510
ground coffee|Folgers Classic Roast Medium Roast Ground Coffee, Limited Edition Canister for Americas 250th Anniversary, 9.6 oz|$7.96|$0.829/oz|241168688
orange juice|Ready Nutrition Dark Chocolate Coconut Almond Protein Bar Box|$5.92|$0.63/oz|248370631
pasta sauce marinara|Carbone Fine Foods Marinara Sauce, 24 oz|$7.97|$0.332/oz|252522980
pork chops|Marketside Roasted Garlic and Herb Fresh Seasoned Pork Loin Filet, 1.4 - 1.9 lbs., 21g of Protein per 4 oz Serving|$6.29|$3.93/lb|256880581
bacon|Great Value Naturally Hickory Smoked Thick Cut Sliced Bacon, Mega Pack, 24 oz|$5.94|$3.96/lb|257009703
apples|Fresh Organic Honeycrisp Apples, 2 lb Pouch|$9.88|$4.94/lb|269332623
pork chops|Prairie Fresh Natural Fresh Pork Ribeye Roast, Boneless, 1.3- 2.5 lb, 25g of protein per 4oz serving|$7.54|$3.97/lb|273035820
apples|Crunch Pak Family Sized 24oz Bag of Peeled Sweet Sliced Apples|$5.97|$0.249/oz|286846442
paper towels|Black and White, 2-Ply Paper Towels, White, 88 Sheets|$0.74|$0.841/100 ct|287001150
american cheese slices|Land O Lakes White American Cheese, Sliced (Fresh, Plastic Bag)|$3.96|$7.92/lb|289679400
salmon fillet|Great Value Premium Skinless & Boneless Pink Salmon, 2.5 oz|$1.78|$0.712/oz|293367468
butter|Danish Creamery European Style Sea Salt Butter, 8 oz, 2 Sticks|$3.44|$0.43/oz|299465772
pork chops|Prairie Fresh Natural Fresh Pork Half Loin, Boneless, 3.5- 5.5 lb, 22g of Protein per 4oz Serving|$9.42|$2.14/lb|301957080
peanut butter|MaraNatha Organic Creamy No Sugar No Salt Peanut Butter Spread, 16 oz|$5.47|$0.342/oz|308004483
cereal|Cap'n Crunch Sweetened Corn & Oat Cereal Crunchy Berries Naturally & Artificially Flavored, 20.5 oz box|$4.97|$0.242/oz|311670614
ground coffee|Great Value Donut Shop, 100% Arabica, Medium Roast, Ground Coffee, 12 oz|$6.44|$0.537/oz|311974881
ketchup|Great Value Spicy Tomato Ketchup, 20 oz|$2.12|$0.106/oz|318904523
arm and hammer detergent|ARM & HAMMER Plus OxiClean Odor Blasters 5-in-1 Laundry Detergent Power Paks, Fresh Burst, 42 Ct|$8.98|$0.303/oz|319162367
whole chicken|(Hot) Freshness Guaranteed Traditional Rotisserie Whole Chicken, 2.25 lb|$5.97|$2.65/lb|325918992
grapes|Dole Fruit Bowls No Sugar Added Variety Pack, 4 oz Cups (12 Pack)|$9.34|$0.195/oz|330049563
avocado|Freshness Guaranteed Chunky Guacamole, 8 oz Tub|$3.07|$0.384/oz|330307128
flour tortillas|Great Value Burrito Flour Tortillas, 20 oz, 8 Count|$2.32|$0.116/oz|339860540
ketchup|Hunt’s 100% Natural Tomato Ketchup, No High Fructose Corn Syrup, 32 oz. Squeeze Bottle|$3.47|$0.108/oz|345017175
bacon|Great Value Hickory Smoked Bacon, Mega Pack, 24 oz|$5.94|$3.96/lb|346866251
peanut butter|JUSTIN'S Classic Creamy Peanut Butter Spread, 28 oz Jar|$7.72|$0.276/oz|348138348
ketchup|Hunts 100% Natural Tomato Ketchup, No High Fructose Corn Syrup, 20 oz. Squeeze Bottle|$2.44|$0.122/oz|349290863
milk gallon|Horizon Organic Vitamin D Whole Milk, Vitamin D Whole, 128 fl oz Jug|$9.97|$0.078/fl oz|350048336
cottage cheese|Breakstone's Cottage Doubles Lowfat Cottage Cheese & Pineapple with 2% Milkfat, 4.7 oz Cup|$1.18|$0.251/oz|354626976
yellow onion|Utah Yellow Sweet Spanish Onion Garden Seeds - 5 Lb Bulk - Non-GMO, Heirloom Vegetable Gardening Seeds|$237.22|$237.22/oz|355129660
apples|Red Delicious Apples 5 Lb Bag|$7.42|$1.48/lb|363800188
toilet paper|Charmin Ultra Strong Toilet Paper, 12 Super Mega Roll|$26.81|$0.615/100 ct|367074186
boneless skinless chicken breast|Tyson All Natural* Trimmed & Ready Fresh Boneless Skinless Chicken Breast Strips, 1.0 - 2.0 lb|$9.12|$6.08/lb|373884875
cream cheese|Pisti Spreadable Pistachio Cream, 21.2 Ounce|$16.27|$16.27/count|378130973
grapes|Fresh Black Seedless Grapes, From California, Bag (2.25 lbs/Bag Est.)|$5.33|$2.37/lb|381105260
granulated sugar|(6 pack) Domino Premium Pure Cane Granulated Sugar, 3.5 lb Tub|$35.52|$0.106/oz|383211690
cereal|Lucky Charms Gluten Free Cereal with Marshmallows, Limited Edition Jumbo Unicorns, 10.5 oz|$2.97|$0.283/oz|394624478
pasta sauce marinara|Yo Mama's Foods No Sugar Added, Low Carb, Marinara Sauce, 25 oz|$7.99|$0.32/oz|395104879
ground coffee|Cafe Bustelo Espresso Ground Coffee, Dark Roast, 22 oz Canister|$15.48|$0.704/oz|397574595
long grain white rice|BEN'S ORIGINAL Ready Rice Original Long Grain White Rice, Easy Dinner Side, 8.8 Ounce Pouch|$2.24|$0.255/oz|401094547
long grain white rice|BEN'S ORIGINAL Enriched Long Grain White Rice, Parboiled Rice, 5 LB Bag|$8.16|$0.102/oz|402352596
orange juice|Great Value 100% Pasteurized Orange Juice, No Pulp, 52 fl oz|$3.96|$0.076/fl oz|403284742
ketchup|Great Value Real Sugar Tomato Ketchup, 32 oz|$2.44|$0.076/oz|406608510
large eggs|Star Optima Deep Frying Oil, 1 L|$7.98|$0.236/fl oz|412051184
avocado|WHOLLY Guacamole Chunky Bowl, Hass Avocados, No preservatives added, 15 oz|$5.37|$0.358/oz|412560232
toilet paper|Scott Rapid-Dissolving Toilet Paper for RVs & Boats, 4 Double Rolls|$3.48|$0.377/100 ct|412662382
all purpose flour|Great Value Gluten Free All-Purpose Flour, 22 oz|$3.97|$0.18/oz|413125322
peanut butter|Great Value Organic Creamy Stir Peanut Butter, 16 oz|$4.47|$0.279/oz|414055530
whole chicken|(Hot) Freshness Guaranteed Lemon Pepper Rotisserie Whole Chicken, 2.25 lb|$5.97|$2.65/lb|415310707
whole chicken|Freshness Guaranteed Lemon Pepper Rotisserie Chicken, 36 oz (Chilled)|$3.97|$1.76/lb|416618553
white bread|The Rustik Oven Pane Italiano Bread, 16 oz, Italian Italian Bread, Bag|$4.68|$0.293/oz|425918007
pork chops|Smithfield Extra Meaty All Natural Fresh Pork Back Ribs, 2.1 - 4 lb, 21 Grams of Protein Per 4 Oz Serving|$17.04|$5.68/lb|435456316
boneless skinless chicken breast|Crescent Foods Halal Boneless Skinless Breast, 5lb (Frozen)|$25.43|$5.09/lb|443986142
carrots|Great Value Sliced Carrots Steamable Bag, 12 oz (Frozen)|$0.98|$0.082/oz|445101086
avocado|Freshness Guaranteed Mild Guacamole, 15 oz Tub|$5.32|$0.355/oz|445237371
ground coffee|Folgers Black Silk Ground Coffee, Dark Roast, 22.6 oz Canister|$14.96|$0.662/oz|447085211
all purpose flour|Pillsbury Best Bread Flour, 5 Lb Bag|$4.88|$0.061/oz|450729868
long grain white rice|BEN'S ORIGINAL Original Long Grain White Rice, 12 lb|$24.99|$24.99/count|452976516
yogurt|Yoplait Smooth Style Low Fat Yogurt Variety Pack, Gluten Free, Snack Cups, 16 Count, 64 oz|$6.72|$0.105/oz|453528951
vanilla ice cream|Great Value Vanilla Ice Cream, 128 fl oz Plastic Tub|$7.27|$0.057/fl oz|455193695
hot dogs|Killer Hogs Hot Rub 12 oz|$9.97|$0.831/oz|459734248
spaghetti|Rao's Homemade Spaghetti Pasta, 16 oz|$2.98|$0.186/oz|460323294
yogurt|Yoplait Low Fat Kids Yogurt Cups, Bluey Variety Pack, Gluten Free, 12 Count, 48 oz|$5.97|$0.124/oz|463366229
shredded cheese|Great Value Mild Cheddar Fat-Free Shredded Cheese, 7 oz Bag|$1.97|$0.281/oz|465384428
ground coffee|Starbucks Pike Place Roast, Ground Coffee, Medium Roast Hot or Iced Coffee, 28 oz|$25.14|$0.898/oz|476466165
flour tortillas|Great Value Small Fajita Flour Tortillas, 26 oz, 20 Count|$2.12|$0.082/oz|478147915
frozen pizza|AUTHENTIC MOTOR CITY PIZZA CO. Pepperoni Detroit-Style Pizza,Tomato Sauce,26.17 oz(Frozen)|$7.97|$0.304/oz|479098050
80/20 ground beef|All Natural* 80% Lean/20% Fat Ground Beef Chuck, 1 lb Tray|$7.23|$7.23/lb|479601462
all purpose flour|Wheat Montana Bakery, White Unbleached Bread Flour, Non-GMO Verified, Certified Kosher, 5 lbs|$6.46|$1.29/lb|481083085
iceberg lettuce|BrightFarms Sweet Baby Butter Leaf Lettuce, 4 oz Salad|$3.14|$0.785/oz|490974576
granulated sugar|C&H Premium Pure Cane Granulated Sugar, 3.5 lb Tub|$6.17|$0.11/oz|493849097
bananas|Nature’s Eats Premium Blanched Almond Flour for Baking, Keto & Paleo Friendly, Gluten-Free, Non-GMO, Kosher Certified, 4 lb Bag|$21.97|$0.343/oz|500037307
orange juice|Florida's Natural Orange Juice With Pulp 52 oz|$4.24|$0.082/fl oz|502749058
pasta sauce marinara|Capital City Sweet Hot Mambo Sauce|$7.97|$0.664/fl oz|507538544
strawberries|Natural Delights Pitted Medjool Dates 8oz Pouch|$4.88|$0.61/oz|508140158
butter|Plugra salted butter 8oz|$3.12|$0.39/oz|510474703
80/20 ground beef|All Natural* 93% Lean/7% Fat Lean Ground Beef, 2.25 lb Tray|$16.27|$7.23/lb|512398950
all purpose flour|Pillsbury Best Gluten Free All Purpose Flour Blend, 24 oz Bag|$6.18|$0.258/oz|514468291
avocado|WHOLLY GUACAMOLE Classic Bowl Family Size, Hass Avocados, No preservatives added, 15 oz Tub|$5.37|$0.358/oz|515185997
american cheese slices|Land O Lakes Yellow American Cheese, Sliced (Fresh, Plastic Bag)|$3.96|$7.92/lb|519946100
yogurt|Oui by Yoplait French Style Vanilla & Chocolate Whole Milk Yogurt, 5 OZ Jar|$1.57|$0.314/oz|520374848
cereal|Kellogg's Froot Loops Original Breakfast Cereal, Good Source of Fiber Bag, 32.1  oz|$6.97|$0.217/oz|520949938
frozen pizza|DiGiorno Frozen Pizza, Stuffed Crust Cheese and Bacon Meat Pizza with Ranch Sauce, 21.9 oz (Frozen)|$8.47|$0.387/oz|527663056
avocado|Freshness Guaranteed Mild Guacamole, 8 oz Tub|$3.07|$0.384/oz|533767006
toilet paper|Great Value Soft & Strong Premium Toilet Paper, 18 Mega Rolls|$13.97|$0.185/100 ct|535976344
ketchup|G Hughes Zero Sugar Ketchup, 13 oz|$3.62|$0.278/oz|540060996
carrots|(12 pack) Great Value Sliced Carrots, 8.25 oz Can|$11.17|$0.112/oz|540182276
ground coffee|Starbucks Pike Place Roast, Ground Coffee, Medium Roast Hot or Iced Coffee, 18 oz|$17.13|$0.952/oz|558356690
bacon|HORMEL BLACK LABEL Real Chopped Bacon Topping, 30 Calories per Serving, Shelf Stable, 3.5 oz Plastic Pouch|$4.83|$1.38/oz|563309105
ground coffee|Peet's Coffee Big Bang Premium Medium Roast Ground Coffee, Arabica, 10.5 oz|$11.56|$1.10/oz|564919827
sliced deli ham|Prima Della Deluxe Cooked Ham, Pre-Sliced|$3.99|$7.97/lb|571196298
cottage cheese|Daisy Pure and Natural Low Fat Cottage Cheese, 2% Milkfat, 2-Pack 5.3 oz Cups (Refrigerated) - 17g of Protein per Serving|$2.24|$0.211/oz|572795389
sliced deli ham|Great Value Black Forest Ham, 16 oz|$4.47|$4.47/lb|573172852
cereal|Cinnamon Toast Crunch Breakfast Cereal, Crispy Cinnamon Cereal, Value Bag, 32 oz|$6.97|$0.218/oz|575993182
ground coffee|Folgers Classic Roast Ground Coffee, Medium Roast, 25.9 oz Canister|$14.96|$0.578/oz|578550306
ketchup|G Hughes Sugar Free Ketchup, 26.5 oz|$4.58|$0.173/oz|585589863
pork chops|Pork Assorted Loin Chops, Bone-In, 8 count, 3.99 - 6.25 lb Tray|$15.50|$3.27/lb|585983418
cereal|Post Great Grains Banana Nut Crunch, Non-GMO, Heart Healthy,Whole Grain Cereal, Crunchy 18 oz Box|$4.97|$0.276/oz|587369358
granulated sugar|Great Value Organic Granulated Cane Sugar, 2 lbs|$3.42|$0.107/oz|591843716
frozen pizza|Red Baron Pepperoni Deep Dish Singles Frozen Personal Pizza, 11.2 oz 2 Pack|$3.87|$0.346/oz|592032700
grapes|Fresh Multi Color Grapes 2 Lb Clamshell|$5.47|$2.74/lb|597617292
white bread|Canyon Bakehouse Country White Gluten Free Bread, 100% Whole Grain Sandwich Bread, Fresh, 15 oz Loaf|$6.97|$0.465/oz|598387598
cereal|Malt-O-Meal Fruity Dyno Bites Gluten Free Breakfast Cereal, 32 oz Resealable Bag|$5.86|$0.183/oz|609727918
iceberg lettuce|Fresh Earth Greens Organic Romaine, 7 oz|$3.62|$0.517/oz|610853733
chicken thighs|Freshness Guaranteed Fresh Chicken Drumsticks, 5 lb Bag|$5.46|$1.09/lb|613823324
ketchup|Heinz Tomato Ketchup with No Sugar Added, 29.5 oz Bottle|$5.78|$0.196/oz|616064227
boneless skinless chicken breast|Great Value Boneless Skinless Diced Chicken Breast, 2 lb (Frozen)|$7.94|$3.97/lb|621164712
granulated sugar|Pyure Organic Stevia Blend   Granulated Sugar Substitute with Zero Calories & Carbs   Keto, Diabetic & Vegan Friendly   Sugary Taste Alternative   USDA Organic, Non-GMO   Good For Baking   12oz|$6.97|$0.581/oz|628088392
white bread|Lewis Bake Shop Better Way White Keto Bread, 16 oz|$5.67|$0.354/oz|629242248
paper towels|Sparkle Pick-A-Size Paper Towels, Multi-Color, 6 Double Rolls, 110 Sheets per Roll|$7.92|$1.20/100 ct|640295501
peanut butter|Teddie All Natural Smooth Peanut Butter, 36 oz|$5.97|$0.166/oz|640652420
pasta sauce marinara|Newman's Own Marinara Pasta Sauce 24 oz|$2.96|$0.123/oz|641072899
iceberg lettuce|Marketside Cobb Salad with Turkey and Bacon, 7.25 oz Bowl (Fresh)|$2.97|$0.41/oz|647462356
toilet paper|Angel Soft 2-Ply Toilet Paper, Fresh Linen Scented Tube, 12 Mega Rolls, 320 Sheets per Roll|$8.96|$0.233/100 ct|649529820
paper towels|Sparkle Tear-A-Square Paper Towels, 6 Double Rolls, 110 Sheets per Roll|$7.92|$1.20/100 ct|656274757
iceberg lettuce|Taylor Farms Apple & Walnut Salad, 5.5oz (Fresh)|$3.47|$0.631/oz|658271288
pasta sauce marinara|Bertolli Organic Marinara Sauce, Spaghetti Tomato Pasta Sauce, 24 oz|$3.56|$0.148/oz|658913073
vanilla ice cream|Great Value Vanilla Crunch Ice Cream Bars, 30 fl oz, 12 Pack|$3.14|$0.105/fl oz|660606942
grapes|Marketside Fresh Cut Seasonal Fruit Blend, 16 oz Tray|$7.97|$0.498/oz|664660630
grapes|Fresh Organic Green Seedless Grapes, 2 lb Package|$5.97|$0.187/oz|666078753
strawberries|Great Value Sliced Strawberries, 64 oz (Frozen)|$9.82|$0.153/oz|672666564
yogurt|Too Good & Co. Blended Vanilla Yogurt-Cultured Ultra-Filtered Low Fat Milk Product Tub, 32 oz|$5.82|$0.182/oz|672867719
cottage cheese|Lactaid Lactose-Free 4% Cottage Cheese, 16 oz|$3.67|$0.229/oz|676432153
grapes|Marketside Fresh Cut Seasonal Fruit Blend, 10 oz Tray|$3.67|$0.367/oz|682318551
yogurt|Too Good & Co. Blended Peach Yogurt-Cultured Ultra-Filtered Low Fat Milk Product Cup, 5.3 oz|$1.37|$0.258/oz|682650689
vanilla ice cream|Great Value Homestyle Vanilla Flavored Ice Cream, 16 fl oz|$1.96|$0.123/fl oz|684762114
toilet paper|Cottonelle Ultra Clean Toilet Paper, 12 Mega Rolls, 312 Sheets Per Roll (3,744 Total)|$19.50|$0.521/100 ct|686038804
mayonnaise|BetterBody Foods Avocado Oil Mayonnaise, 15oz|$8.97|$0.598/fl oz|686440640
vanilla ice cream|M&M's Vanilla Ice Cream Cookie Sandwiches, 16 fl oz, 4 Pack|$4.87|$0.304/fl oz|689968238
cottage cheese|Daisy Cottage Cheese with Peach, 4% Milkfat, 6 oz Cup (Refrigerated)  14g of Protein per Serving|$1.68|$0.28/oz|692297113
blueberries|Great Value Wild Blueberries, 40 oz (Frozen)|$8.24|$0.206/oz|700604894
apples|Mott's No Sugar Added Applesauce Variety Pack, 3.2 oz, 20 Count Clear Pouches|$11.97|$0.187/oz|706363794
ketchup|Hunts Tomato Ketchup, 32 oz. Squeeze Bottle|$2.28|$0.071/oz|711636296
pasta sauce marinara|Capital City Mild Mambo Sauce|$7.97|$0.664/fl oz|712584231
orange juice|Tampico Citrus Punch Orange Tangerine Lemon Juice Drink 10 fl oz 15 Pack|$5.57|$0.037/fl oz|714124969
cottage cheese|Daisy Pure and Natural Cottage Cheese, 4% Milkfat, 2-Pack 5.3 oz Cups (Refrigerated) - 17g of Protein per Serving|$2.24|$0.211/oz|716887202
ground turkey|JENNIE-O Ground Turkey Italian Sausage, All Natural, Roll, 1 Pound, 10 Grams of Protein per Serving|$4.94|$4.94/lb|720186971
spaghetti|Banza Spaghetti Pasta from Chickpeas - Made In Italy, High Protein, High Fiber, Lower Carb Italian Chickpea Noodles, 8oz|$3.32|$0.415/oz|720484040
yogurt|Ratio Yogurt Protein Cultured Dairy Snack, Vanilla, 25g Protein, 5.3 OZ|$1.66|$0.313/oz|722354569
hot dogs|Applegate Naturals Uncured Beef Hot Dog, 10oz 6 Count|$6.63|$10.52/lb|723265388
frozen pizza|Pep's Drafthaus Original Prohibition Special Supreme Frozen Pizza 28.8oz, Marinara Sauce|$9.98|$0.332/oz|724745145
boneless skinless chicken breast|Mediterranean Olive Salad|$7.97|$0.419/oz|729019345
chicken thighs|Freshness Guaranteed Chicken Leg Quarters, 2.75 - 7.0 lb Tray|$6.21|$1.38/lb|734939013
broccoli crowns|Great Value Frozen Broccoli Florets Steamable Bag, 12 oz|$1.16|$0.097/oz|735585383
broccoli crowns|Great Value Broccoli Florets, 32 oz Bag (Frozen)|$2.88|$0.09/oz|745725724
sliced deli ham|Smithfield Prime Fresh Smoked Ham Lunch Meat, 16 oz|$6.48|$6.48/lb|747586684
iceberg lettuce|Marketside Chef Salad with Turkey and Uncured Ham, 7.25 oz Bowl (Fresh)|$2.97|$0.41/oz|748710581
granulated sugar|(4 pack) Domino Premium Pure Cane Granulated Sugar, 10 lb|$43.78|$0.068/oz|749339107
salmon fillet|Latitude 45 Smoke Roasted Atlantic Salmon 12oz, 6 Servings per Package, Serving Size 2 oz|$14.73|$1.23/oz|752142301
milk gallon|a2 Milk Vitamin D Whole Milk, 59 oz|$4.37|$0.074/fl oz|757788854
hot dogs|Marketside Fully Cooked Uncured Angus Beef Franks, 16 oz, 8 Count, (Refrigerated)|$6.24|$6.24/lb|758214392
broccoli crowns|Great Value Cheese Crackers, 12.4 oz|$2.57|$0.207/oz|762567465
all purpose flour|Great Value Organic All-Purpose Wheat Flour, 5 lb Bag|$5.47|$0.068/oz|771215827
hot dogs|Hebrew National 100% Kosher Beef Franks, Hot Dogs, 10.3 oz 6 Count|$5.74|$8.97/lb|772297550
sliced deli ham|Hillshire Farm Ultra Thin Sliced Honey Ham Lunchmeat, 22 oz Plastic Tub, Refrigerated|$7.97|$5.78/lb|775351378
peanut butter|Jif Creamy Peanut Butter, 16 oz Jar|$2.98|$0.186/oz|777839120
boneless skinless chicken breast|Freshness Guaranteed Boneless Skinless Chicken Thighs, 1.8 - 4.0 lb Tray|$10.23|$3.72/lb|778091348
white bread|Lewis Bake Shop Soft White Half Loaf Bread, 1/2 Loaf, 12 oz|$2.00|$0.167/oz|778655610
orange juice|SUNNYD Tangy Original Shelf Stable Orange Juice Drink, 15 Count, 11.3 fl oz Bottles|$8.47|$0.05/fl oz|780648674
broccoli crowns|Malt-O-Meal Waffle Crunch Breakfast Cereal, Mini Waffle Shaped Pieces, 31 oz Bag|$5.86|$0.189/oz|784537254
white bread|Artisan Hearth Ah Rustic Country White Bread|$3.52|$0.147/oz|785807905
all purpose flour|Pillsbury Best Bleached All Purpose Flour, 5 lb Bag|$3.98|$0.05/oz|788964553
pork chops|Prairie Fresh Natural Fresh Pork Picnic Roast, Boneless, 2.0 - 4.0 lb, 23g of Protein per 4oz Serving|$10.71|$3.57/lb|790145251
ground turkey|JENNIE-O Taco Ground Turkey Sausage, All Natural, No artificial ingredients, Refrigerated, 1 Pound Roll|$4.94|$4.94/lb|791208846
hot dogs|JENNIE-O Turkey Hot Dogs, *40% Less Fat (8 Turkey Franks), Refrigerated, 16 oz Plastic Package|$2.97|$2.97/lb|793362204
yogurt|Too Good & Co. Lower Sugar Vanilla Flavored Low Fat Greek Yogurt Cultured Product, 5.3 oz, 4 Count|$4.42|$0.208/oz|793589997
salmon fillet|Marketside Skin-On Atlantic Salmon Fillet, 2.0-3.0 lb|$19.91|$8.97/lb|805059635
ketchup|Hunt’s 100% Natural Tomato Ketchup, No High Fructose Corn Syrup, 38 oz. Squeeze Bottle|$3.87|$0.102/oz|808855386
ketchup|Primal Kitchen Organic and Unsweetened Ketchup 11.3 oz|$5.48|$0.485/oz|808901938
boneless skinless chicken breast|Great Value White Cheddar Cheese Crackers, 12.4 oz|$2.57|$0.207/oz|810369388
avocado|Freshness Guaranteed Mild Guacamole Mini Cups, 12 oz Box, 6 Count|$4.27|$0.356/oz|814142465
toilet paper|Angel Soft 2-Ply Toilet Paper, Fresh Lavender, 12 Rolls|$8.96|$0.233/100 ct|814735847
salmon fillet|Marketside Skin-On Monterrey Rub Atlantic Salmon Fillet, 0.95 - 1.25 lb|$10.48|$13.97/lb|815941192
cereal|Trix Breakfast Cereal, 6 Fruity Shapes, Made with Whole Grain, Family Size, 16.1 oz|$4.97|$0.309/oz|823488241
white bread|Sola Sweet and Buttery Bread, 0g Net Carb White Bread, Non-GMO, 14oz Loaf|$6.12|$0.437/oz|825009478
ground turkey|JENNIE-O Ground Turkey All Natural, 93/7%, Roll, 1 Pound, 21 Grams of Protein per Serving|$5.44|$5.44/lb|826479176
long grain white rice|Authentic Royal Naturally Aged Indian White Basmati Rice, Long-Grain, Gluten-free - 5 lbs|$9.52|$0.119/oz|831355979
large eggs|Great Day Farms Hard-Boiled Cage Free Eggs, 6 Eggs|$3.97|$0.441/oz|834399408
hot dogs|Marketside Fully Cooked Jumbo Uncured Angus Beef Frank 4 Count, 16oz (Refrigerated), Vac Packed Film|$6.24|$6.24/lb|840884039
avocado|Fresh Large Hass Avocado Bag, 3-4 Count|$4.78|$1.20/ea|844665579
cottage cheese|Daisy Pure and Natural Cottage Cheese, 4% Milkfat, 48 oz (3 lb) Tub (Refrigerated)  13g of Protein per Serving|$7.96|$0.166/oz|849068733
cottage cheese|Breakstone's Cottage Doubles Lowfat Cottage Cheese with 2% Milkfat and Strawberry Topping, 4.7 oz Cup|$1.18|$0.251/oz|849188565
apples|Fresh Cosmic Crisp Apples, 3 lb Bag|$6.16|$2.05/lb|852338655
boneless skinless chicken breast|Great Value Fully Cooked Boneless Skinless Grilled Chicken Breast Strips, 16 oz (Frozen)|$6.48|$6.48/lb|865803031
cereal|Cheerios Oat Crunch Oats 'N Honey Breakfast Cereal, Family Size, 24 oz|$4.97|$0.207/oz|872651478
salmon fillet|Sea Best Skinless Antibiotic Free Atlantic Salmon Fillets, 2 lb Bag (Frozen Fish)|$28.94|$0.904/oz|875102106
cereal|Cascadian Farm Organic Cinnamon Crunch Cereal, Family Size, 14.5 oz|$5.48|$0.378/oz|875145996
butter|Great Value Sweet Cream Salted Butter Twin Pack, 16 oz Box, 8 Sticks, Slow Churned, Refrigerated|$5.96|$0.186/oz|879148225
sliced deli ham|Hillshire Farm Ultra Thin Sliced Black Forest Ham Lunchmeat, 22 oz Plastic Tub, Refrigerated|$7.97|$5.78/lb|879860617
apples|Fresh Cosmic Crisp Apple, Each|$1.62|$2.32/lb|883640849
pasta sauce marinara|Bertolli Traditional Marinara Sauce, Tomato Pasta Sauce, 24 oz|$2.88|$0.12/oz|889345211
salmon fillet|Wild Caught Alaska Sockeye Whole Salmon Portions, 0.7 - 0.85 lb. MSC Certified. 25g Protein per 4 oz. (112 g) Serving.|$13.74|$15.98/lb|895031780
frozen pizza|Authentic Motor City Pizza Company. Supreme Detroit-Style Pizza, Tomato Sauce, 27.87 oz (Frozen)|$7.97|$0.271/oz|896242852
apples|Crunch Pak Fresh Mixed Sweet & Tart Apple Slices, 24 oz Resealable Bag|$5.97|$0.249/oz|903434915
cereal|Lucky Charms Gluten Free Cereal with Marshmallows, Kids Cereal, Family Size, 18.6 oz|$4.97|$0.267/oz|906899783
milk gallon|Horizon Organic Vitamin D 2 Percent Milk, Vitamin D Reduced Fat, 128 fl oz Jug|$9.97|$0.078/fl oz|907778403
pork chops|Pork Assorted Loin Chops Thin Bone-In, 6 count, 1.97 - 4.25 lb Tray|$10.18|$3.77/lb|911215216
mayonnaise|Kraft Real Mayo Creamy & Smooth Mayonnaise, 8 fl oz Jar|$2.98|$0.373/fl oz|913390974
shredded cheese|Great Value Queso Quesadilla Shredded Cheese, 16 oz Bag|$3.48|$0.218/oz|916023554
grapes|Marketside Fresh Cut Seasonal Fruit Blend, 32 oz Tray|$8.46|$0.264/oz|919369391
cereal|Golden Grahams Breakfast Cereal, Graham Cracker Taste, Family Size, 18.9 oz|$4.97|$0.263/oz|921269406
frozen pizza|AUTHENTIC MOTOR CITY PIZZA CO. Three Meat Detroit-Style Pizza,Tomato Sauce,27.87oz(Frozen)|$7.97|$0.286/oz|922975463
cottage cheese|Daisy Cottage Cheese with Strawberry, 4% Milkfat, 6 oz Cup (Refrigerated)  14g of Protein per Serving|$1.68|$0.28/oz|925543657
frozen pizza|Red Baron Four Meat Classic Crust Frozen Pizza, 21.95 oz|$4.82|$0.219/oz|925854479
cereal|REESE'S PUFFS Breakfast Cereal, Chocolatey Peanut Butter Cereal Bag, 35 oz|$6.97|$0.199/oz|927156211
ground coffee|Peet's Coffee Major Dickason's Blend Premium Dark Roast Ground Coffee, Arabica, 10.5 oz|$11.56|$1.10/oz|933717991
cottage cheese|Daisy Cottage Cheese with Blueberry, 4% Milkfat, 6 oz Cup (Refrigerated)  14g of Protein per Serving|$1.68|$0.28/oz|934140801
tomatoes on the vine|Bonnie Plants Patio Tomato, 19.3 oz., 2-Pack, Live Plants|$9.36|$0.485/oz|936473727
flour tortillas|Siete Foods Grain Free Almond Flour Tortillas, 7oz., 8 Count|$7.86|$1.12/oz|938707953
cottage cheese|Cultures For Health Mesophilic Cheese Starter Culture, Make Your Own Cheese|$19.99|$19.99/count|938946100
apples|Crunch Pak Fresh Sweet Apple Slices, Family Size, 24 oz Resealable Bag|$5.97|$0.249/oz|941236470
all purpose flour|Arrowhead Mills Organic Unbleached Bread Flour, 5 lb Bag|$6.88|$0.086/oz|943493929
yogurt|Yoplait Original Low Fat Yogurt, Harvest Peach, 8 Yogurt Cups, 48 oz|$4.96|$0.103/oz|944894198
granulated sugar|Great Value Organic Granulated Cane Sugar, 4 lbs|$6.12|$0.096/oz|945590425
pork chops|Pork Center Cut Loin Chops, Thin, Bone-In, 8 count, 2.3 - 4 lb Tray|$13.12|$4.77/lb|948814287
pasta sauce marinara|Great Value Marinara Pasta Sauce, 23 oz|$1.97|$0.086/oz|952045923
flour tortillas|Great Value Medium Soft Taco Flour Tortillas, 17.5 oz Bag, 10 Count (Shelf Stable)|$1.98|$0.113/oz|953466267
vanilla ice cream|M&M's Vanilla Ice Cream Cookie Sandwiches, 48 fl oz, 12 Pack|$14.48|$0.302/fl oz|953638277
sliced deli ham|Smithfield Prime Fresh Smoked Ham 8 oz|$3.46|$6.92/lb|953658936
80/20 ground beef|All Natural* 80% Lean/20% Fat Ground Beef Chuck, 2.25 lb Tray|$15.73|$6.99/lb|959024059
ground turkey|Butterball Frozen Turkey Burgers, All Natural White, 1/4 lb Patties, 6 Count/ 1.5 lbs|$9.96|$6.64/lb|959735718
80/20 ground beef|80% Lean / 20% Fat Ground Beef Patties, 12 Count, 2.25 lb Tray, Fresh, All Natural*|$16.83|$7.48/lb|961495110
vanilla ice cream|Blue Ribbon Classics Strawberry Shortcake Coated Artificially Flavored Vanilla Frozen Dessert Treat Bar, 36 fl oz, 12 Pack|$6.48|$0.18/fl oz|982901583
all purpose flour|(8 pack) Gold Medal All Purpose Flour, Baking Flour, 5 lb Bag|$30.17|$0.047/oz|984742032
toilet paper|Cottonelle Ultra Clean Toilet Paper, 24 Mega Rolls, 312 Sheets per Roll (7,488 Total)|$31.90|$0.426/100 ct|988570566
cereal|Cookie Crisp Cereal, Chocolate Chip Cookie Taste, Made with Whole Grain, Value Bag, 35 oz|$6.97|$0.199/oz|998776880
blueberries|ReadyWise Dehydrated Blueberries for Smoothies & Snacks, 28 Servings|$32.99|$0.097/g|1003670227
pasta sauce marinara|Carbone Mushroom Marinara Pasta Sauce, 24 oz|$8.47|$0.353/oz|1035963362
apples|Crunch Pak Grab N Go! Sliced Apples in a Multi-Pack of 2 oz Individually Packaged Bags, 6 Pack|$4.97|$0.414/oz|1067046242
apples|Fresh Organic Cosmic Apples, 2 lb Bag|$9.72|$4.86/lb|1104890897
paper towels|Bounty Paper Towels Select-a-Size, 6 Triple Rolls|$25.99|$3.21/100 ct|1126506431
iceberg lettuce|Fresh Produce, Petite Romaine Lettuce, 2 Count Bag|$2.27|$1.14/count|1149023729
strawberries|Fresh Strawberries, 8.8 oz Container|$1.62|$0.184/oz|1175460573
carrots|Earthbound Farm Organic Fresh Vegetable Tray with Ranch Dip, 40 oz|$12.24|$0.306/oz|1184336722
cereal|Honeycomb Breakfast Cereal, Made with Whole Grain & Real Honey, Dye-Free, 19 oz Box|$4.97|$0.262/oz|1195393725
paper towels|Bounty Paper Towels Select-a-Size, 2 Triple Rolls, Print|$19.99|$7.40/100 ct|1199187956
long grain white rice|Parish Rice, High Protein, Long Grain White Rice with Low Glycemic Index, 2lb Bag|$14.49|$0.453/oz|1222699203
shredded cheese|Kraft Signature Shredded Natural Cheese Cheddar Blend, 8 oz. (Refrigerated)|$2.98|$0.373/oz|1242142929
toilet paper|Toilet Paper, 4 Rolls, 150 2-Ply Sheets per Roll|$8.99|$1.50/100 ct|1275613286
toilet paper|Scott Comfort Plus Toilet Paper, 12 Triple Rolls|$5.68|$0.205/100 ct|1320655675
arm and hammer detergent|ARM & HAMMER Plus OxiClean Stain Fighters Liquid Laundry Detergent, Fresh Scent, 77 Loads|$19.70|$0.196/fl oz|1344470434
spaghetti|Brami Fusilli High Protein Pasta, 21g Protein, High Fiber, Shelf-Stable Noodles, 12 oz Box|$3.24|$0.27/oz|1352913588
flour tortillas|Mission Zero Net Carbs Original Flour Tortillas, Street Tacos Size, 14 Count|$4.02|$0.452/oz|1389109570
pasta sauce marinara|(3 pack) Rao's Homemade Marinara Sauce Made with Italian Tomatoes, 24 oz|$20.94|$0.291/oz|1394356035
paper towels|Viva Signature Cloth Paper Towels, 6 Double Rolls|$10.98|$1.95/100 ct|1402227470
tomatoes on the vine|Fresh Organic Tomato on the Vine, 1 lb Package|$2.46|$0.154/oz|1403062065
frozen pizza|Great Value Stuffed Crust Chicken Bacon Ranch Sauce Pizza, 23.1 oz (Frozen)|$7.66|$0.332/oz|1407063134
butter|Great Value Salted Butter Sticks, 8 oz, 2 Sticks|$1.94|$0.243/oz|1416786932
carrots|Taylor Farms Vegetable Tray with Ranch Dip, 20 oz Tray, Fresh|$7.26|$0.363/oz|1423424753
salmon fillet|Marketside Skinless Atlantic Salmon Portions, 2 lb Bag (Frozen)|$19.97|$0.624/oz|1469077193
sour cream|Daisy Sour Cream French Onion Dip, 16 oz Tub (Refrigerated)|$2.98|$0.186/oz|1506667324
boneless skinless chicken breast|OREO Mint Creme Chocolate Sandwich Cookies, Family Size, 18.71 oz|$4.97|$0.266/oz|1600129270
arm and hammer detergent|ARM & HAMMER Plus a Touch of Softener, 77 Loads, Liquid Laundry Detergent, 100.5 Fl oz|$9.50|$0.095/fl oz|1616410858
bacon|Killer Hogs Vinegar Sauce 16 Ounce|$5.92|$0.37/oz|1620799900
pork chops|Marketside Applewood Smoked Bacon Fresh Seasoned Pork Loin Filet, 1.4 - 1.9 lbs., 21g of Protein per 4 oz Serving|$6.29|$3.93/lb|1627177792
cottage cheese|Kemps 4% Small Curd Plain Cottage Cheese Multi-Pack, 4 oz, 4 count|$3.58|$0.224/oz|1636724702
frozen pizza|DiGiorno Classic Crust Cheese Pizza, 19.1 oz (Frozen)|$4.67|$0.245/oz|1664368598
toilet paper|Scott ComfortPlus Toilet Paper, 18 Mega Rolls|$17.14|$0.224/100 ct|1690585950
flour tortillas|La Banderita Burrito Grande Extra Large Flour Tortillas 8 Count|$3.68|$0.184/oz|1769223760
large eggs|Vital Farms Organic Pasture-Raised Medium Grade A Eggs, 12 Count|$7.84|$0.653/count|1819220376
salmon fillet|Honey Smoked Salmon (TM) Cracked Pepper 8oz|$9.97|$1.25/oz|1831022247
carrots|Taylor Farms Snap Peas & Tomatoes Vegetable Tray with Ranch Dip, 40 oz, Fresh|$11.34|$0.284/oz|1857332147
cereal|Cocoa Puffs, Chocolatey Breakfast Cereal, 32 oz Resealable Bag|$6.97|$0.218/oz|1888127790
ketchup|Great Value Tomato Ketchup, 14 oz|$1.00|$0.071/oz|1901674681
salmon fillet|Marketside Skinless Atlantic Salmon Portions, 1 lb Bag (Frozen)|$12.48|$12.48/lb|1971171415
toilet paper|Scott 1000 Toilet Paper, 24 Rolls, 1,000 Sheets per Roll|$19.98|$0.083/100 ct|2098731831
boneless skinless chicken breast|Freshness Guaranteed 946 Bnls Breast Lg Rw|$2.94|$2.94/lb|2176494335
apples|Crunch Pak Grab n Go Sliced Apples Multi-Pack Tray with Individually Wrapped Bags, 6 pack|$4.97|$0.46/oz|2202000144
sour cream|Daisy Sour Cream Creamy Ranch Dip, 16 oz Tub (Refrigerated)|$2.98|$0.186/oz|2205441350
blueberries|Brainiac Brain Squeezers 10ct Fruit & Veggies Variety Pack Applesauce|$7.88|$0.246/oz|2232846196
arm and hammer detergent|ARM & HAMMER Sensitive Skin Liquid Laundry Detergent Soap, Fresh Scent, 105 fl oz, 105 Loads|$8.97|$0.085/fl oz|2256269856
avocado|HERDEZ Avocado Dip Medium, Tortilla Chip Dip, Shelf Stable, 15 oz  Glass Jar|$6.95|$0.463/oz|2313826721
arm and hammer detergent|ARM & HAMMER Plus OxiClean Ultra Stain Fighters Liquid Laundry Detergent, Fresh Scent, 32.5 Fl Oz|$3.84|$0.118/fl oz|2338606349
paper towels|Bounty Paper Towels Select-a-Size, 4 Triple Rolls|$11.77|$2.18/100 ct|2351148881
toilet paper|Angel Soft 2-Ply Toilet Paper, 6 Mega XL Rolls, 480 Sheets Per Roll|$6.88|$0.239/100 ct|2387124472
vanilla ice cream|Twix Caramel Vanilla Milk Chocolate Ice Cream Bars, 23.16 fl oz, 12 Pack|$8.63|$0.372/fl oz|2407768593
peanut butter|Great Value Crunchy Peanut Butter, 16 oz|$1.98|$0.124/oz|2447161124
arm and hammer detergent|ARM & HAMMER Deep Clean OxiClean Max Force Laundry Detergent, Sparkling Clean, 102 fl oz, 68 Loads|$12.23|$0.12/fl oz|2533473262
paper towels|Viva Signature Cloth Paper Towels, 8 Triple Rolls|$32.99|$2.64/100 ct|2537785409
frozen pizza|Great Value Stuffed Crust Cheese Pizza, Tomato Basil Garlic Sauce, 22.35 oz (Frozen)|$7.66|$0.342/oz|2629237361
ground coffee|Great Value Colombian Medium Dark Roast Naturally Caffeinated Ground Coffee, 22.6 oz|$11.47|$0.508/oz|2651348781
paper towels|Bounty Paper Towels Select-a-Size, 8 Triple Rolls|$22.46|$2.08/100 ct|2662173698
milk gallon|Organic Valley Grassmilk Organic Grassfed Whole Milk, 59 fl oz|$6.67|$0.104/fl oz|2715552061
arm and hammer detergent|ARM & HAMMER Plus OxiClean with Odor Blasters Liquid Laundry Detergent, Fresh Burst, 32.5 Fl Oz|$3.84|$0.118/fl oz|2753055602
arm and hammer detergent|ARM & HAMMMER Liquid Laundry Detergent Soap, Clean Burst Fresh, 33 fl oz, 33 Loads|$11.45|$0.347/fl oz|2770004708
toilet paper|Charmin Ultra Gentle Toilet Paper, 18 Mega Rolls, 231 Sheets Per Roll|$19.97|$0.48/100 ct|2846366584
toilet paper|Charmin Ultra Soft Toilet Paper 12 Mega Rolls, 224 Sheets Per Roll|$14.97|$0.557/100 ct|2859396119
arm and hammer detergent|ARM & HAMMER Sensitive Skin Free & Clear Liquid Laundry Detergent Soap, 105 fl oz, 105 Loads|$8.97|$0.085/fl oz|2864025341
frozen pizza|Great Value Stuffed Crust Pepperoni Pizza, Tomato Basil Garlic Sauce, 23.45 oz (Frozen)|$7.66|$0.326/oz|2890699255
arm and hammer detergent|ARM & HAMMER Baby Hypoallergenic Liquid Laundry Detergent, 77 loads 100.5 fl oz|$8.97|$0.089/fl oz|2914585539
white bread|Nature's Own Hawaiian, Non-GMO Sliced Hawaiian Bread, 20 oz Loaf|$3.42|$0.171/oz|2928464650
ground coffee|Great Value Classic Roast Ground Naturally Caffeinated Coffee, 9.6 oz Canister|$5.88|$0.613/oz|3032936810
frozen pizza|DiGiorno Gluten Free Crust Cheese and Pepperoni Pizza, 24.2 oz (Frozen)|$8.47|$0.35/oz|3040831120
salmon fillet|Honey Smoked Salmon (TM) Original 8oz|$9.97|$1.25/oz|3366393566
pasta sauce marinara|Carbone Marinara Delicato Pasta Sauce, 24 oz|$8.75|$0.365/oz|3378128181
ground coffee|Great Value Classic Medium Roast Ground Naturally Caffeinated Coffee, 40.3 oz Cannister|$19.77|$0.491/oz|3400314469
frozen pizza|Great Value Rising Crust Pepperoni Pizza, Marinara Sauce, 27.65 oz (Frozen)|$4.46|$0.158/oz|3442734189
cereal|Post Marshmallow Fruity PEBBLES Breakfast Cereal, Gluten Free with Marshmallows, 30 oz Bag|$6.77|$0.226/oz|3491656888
avocado|HERDEZ Avocado Dip Mild, Tortilla Chip Dip, Shelf Stable, 15 oz  Glass Jar|$3.58|$0.239/oz|3513672409
whole chicken|Freshness Guaranteed Merchandise|$5.97|$0.166/oz|3640256628
peanut butter|Great Value Creamy Peanut Butter 16oz|$1.98|$0.124/oz|3716446909
arm and hammer detergent|ARM & HAMMER Deep Clean Odor Formula, Liquid Laundry Detergent, 102 fl oz, 68 Loads|$15.70|$0.154/fl oz|3799307634
cereal|Honeycomb Breakfast Cereal, Made with Whole Grain & Real Honey, Dye-Free, 32 oz Bag|$6.77|$0.212/oz|3810423259
toilet paper|Charmin Ultra Soft Toilet Paper 6 Mega Rolls, 224 Sheets Per Roll|$18.97|$1.41/100 ct|3853640770
chicken thighs|Cajun Two Step Holy Trinity 8 oz Seasoning|$7.98|$0.907/oz|3903724838
paper towels|Great Value Ultra Strong Paper Towels, White, 12 Double Rolls, 1320 Sheets|$15.92|$1.21/100 ct|3945859864
frozen pizza|Great Value Stuffed Crust 3 Meat Pizza, Tomato Basil Garlic Sauce, 23.75 oz (Frozen)|$7.66|$0.327/oz|3951543034
spaghetti|(4 pack) Great Value Half-Length Spaghetti, 16 oz|$4.96|$0.078/oz|3980920856
boneless skinless chicken breast|Dale's Perfect Chicken Seasoning|$9.99|$9.99/count|19253819360
boneless skinless chicken breast|Dan-O's SPG Tri-O Seasoning|$5.96|$1.36/oz|18956160452
boneless skinless chicken breast|Great Value Famous Chicken Fillet, Ready to Cook Breaded Chicken Fillets, 18g Protein Per Serving, 3 lb (Frozen)|$14.46|$0.301/oz|16724704039
boneless skinless chicken breast|Realgood Foods Co. Lightly Breaded Chicken Breast Fillets, 20 oz Bag (Frozen)|$8.76|$0.438/oz|15720210907
boneless skinless chicken breast|Great Value Dr Thunder Zero Sugar Soda Pop, 2 Liter Bottle|$1.00|$0.015/fl oz|5418207634
boneless skinless chicken breast|Monster Energy Ultra, Blue Hawaiian, Sugar Free Energy Drink, 16 Fl Oz|$2.68|$0.168/fl oz|7288463227
chicken thighs|Pit Boss Mango Magic Rub Perfect for Seafood, Chicken, and Pork|$4.97|$0.7/oz|6143751544
chicken thighs|Crescent Foods Halal Boneless Skinless Thighs, 5lb (Frozen)|$25.43|$5.09/lb|8455371462
chicken thighs|Marketside Sesame Teriyaki Chicken Thigh, 14 oz (Refrigerated)|$4.97|$4.97/lb|5301432054
80/20 ground beef|All Natural 80% Lean/20% Fat Ground Beef Homestyle Slider Patties, 1.5 lb, 12 Count, Fresh|$11.97|$7.98/lb|7846955776
80/20 ground beef|Beef Fine Cubes for Tacos, Tray, Fresh, 0.3 - 0.75 lb|$5.23|$10.46/lb|14683620449
80/20 ground beef|Frontera Snacking Pouch Taco Red Chili 8 oz (Pack of 12)|$46.65|$0.486/fl oz|9603320231
80/20 ground beef|All Natural Extra Lean Ground Beef 96% Lean/4% Fat, 1 lb|$7.96|$7.96/lb|16322759490
80/20 ground beef|Extra Lean Ground Beef, 96% Lean/4% Fat, All Natural, 2.25 lb Pack|$17.66|$0.491/oz|18404362076
ground turkey|Hillshire Reserve Applewood Smoked Turkey Breast, All Natural Lunch Meat, 7 oz|$6.26|$0.894/oz|18930224145
ground turkey|(3 pack) Old Wisconsin Gluten Free Fully Cooked Smoked Turkey Sausage Bites, 12Oz Resealable Plastic Pouch|$28.77|$0.799/oz|15381404697
bacon|Dale's Signature Steakhouse Seasoning|$9.99|$2.13/oz|19047701484
bacon|Dale's Buttery Steakhouse Seasoning|$9.99|$9.99/count|19290902962
bacon|Butter Flavored Olive Oil Topping|$6.97|$0.507/fl oz|17777518669
bacon|HORMEL BLACK LABEL Family Pack Fully Cooked Bacon, Gluten Free, Refrigerated, 6.3 oz Plastic Package|$9.98|$1.58/oz|5399954670
bacon|Great Value Double Smoked Applewood Thick Cut Refrigerated Bacon, 24 oz|$8.97|$0.374/oz|6793913879
pork chops|Marketside Center Cut Pork Chops Stuffed with Bacon and Cheddar Cheese|$6.97|$6.77/lb|5076666924
pork chops|Pork Assorted Loin Chops, Bone-In, 4 count, 2.07 - 2.79 lb Tray|$8.29|$3.47/lb|5511864294
pork chops|Pork Loin Ribeye Chops, Boneless, 2 count, 1.17 - 1.59 lb Tray|$6.19|$4.99/ea|19682206334
milk gallon|Great Value Organic Whole Milk with DHA Omega-3, Half Gallon|$4.52|$0.071/fl oz|5055269338
butter|Texas Roadhouse Honey Cinnamon Whipped Buttery Spread, 7.35 oz|$3.96|$0.539/oz|6915111693
butter|Texas Roadhouse Original Whipped Buttery Spread, 7.35 oz|$3.96|$0.539/oz|6912005023
cottage cheese|MULU High Protein Cottage Cheese, Small Curd, 2% Lowfat, 16 Oz|$4.26|$0.266/oz|18966903096
cottage cheese|MULU High Protein Cottage Cheese, Small Curd, 4% Milkfat, 16 Oz|$4.26|$0.266/oz|18929973498
cottage cheese|Breakstone's Strawberry Cottage Doubles 4.7 oz Cup|$1.18|$0.251/oz|19550009207
cottage cheese|Breakstone's Cottage Cheese Doubles With Pineapple, Lowfat 2% Milkfat, 4.7 oz Cup, 13g of Protein Per Serving|$1.18|$0.251/oz|19692956552
sour cream|Great Value Sour Cream - All Natural 14 Ounce Pouch|$1.88|$0.134/fl oz|20247803123
sour cream|LALA Crema Mexicana Refrigerated Pourable Sour Cream Topping, 15 oz. Tub|$3.78|$0.252/oz|12096004612
cream cheese|Tillamook Cream Cheese, 8 oz Brick|$2.96|$0.37/oz|5330858540
cream cheese|The Laughing Cow Creamy Jalapeño Cheese Spread, 5.4 oz Box|$3.97|$0.735/oz|5144605667
cream cheese|Great Value French Toast Cream Cheese Spread, 8 oz Tub|$1.84|$0.23/oz|15595758768
cream cheese|bettergoods Cream Cheese Bar, 8 oz|$2.23|$0.279/oz|17113209370
cream cheese|Great Value Blueberry Cream Cheese Spread, 8 oz Tub|$1.84|$0.23/oz|15202406250
yogurt|bettergoods Honey Vanilla Whole Milk Greek Yogurt, 32 oz Tub|$3.93|$0.123/oz|5340366067
american cheese slices|Taco Bell Original Taco Seasoning Mix Shaker, for Weeknight Dinners and Mexican-Inspired Dishes, 1 Canister, Original Taco Flavor, 6X More Seasoning than Individual Packets, 6.25 oz|$3.48|$0.557/ea|19181323034
american cheese slices|Sargento Natural American Sliced Cheese, 12 Slices|$3.77|$0.471/oz|14943466334
american cheese slices|Sargento Refrigerated Natural American Sliced Cheese, 24 Slices|$7.12|$0.445/oz|14859019828
bananas|Bfruitful Freeze-Dried Bananas, Gluten Free, 12 Bags, 0.56 oz Each|$33.99|$5.06/oz|18646324176
strawberries|(6 pack) Augason Farms Freeze Dried Sliced Strawberries Can - Gluten Free Snack for Baking, Smoothies, and Emergency Storage - Healthy Individual Fruit Snacks – 6.5 Ounces (18 Servings)|$108.00|$2.81/oz|15382562000
strawberries|bettergoods Organic Dried Strawberries, 5 oz|$6.97|$1.39/oz|5464020048
avocado|AVOFRESCO Avocado & Sea Salt 14 oz Squeeze - No Preservatives,  Quick, Easy & No Mess!|$4.98|$0.356/oz|13503106735
avocado|AVOFRESCO Authentic Guacamole 14 oz Squeeze - No Preservatives - Quick, Easy & No Mess!|$4.98|$0.356/oz|13484259269
yellow onion|Fresh Whole White Boiler Onions 16oz Bag|$3.18|$0.199/oz|17361410058
yellow onion|Fresh Whole Pearl Onions 16oz Bag|$3.18|$0.199/oz|17309421063
apples|Crunch Pak Sweet Apple Slices Featuring Minions And Monsters, 14oz Resealable Bag|$3.97|$0.284/oz|19173315675
apples|GoGo squeeZ FruitZ & VeggieZ Dino Pear Peach Carrot Applesauce Pouches, 3.2 oz (16 Pack)|$10.27|$0.201/oz|15449752498
apples|Crunch Pak Fresh Organic Peeled Sliced Apples, Family Sized 12oz Featuring Bluey|$3.87|$0.323/ea|5315371756
apples|bfruitful Freeze-Dried Green Apples, 12 Single-Serve Bags, Gluten Free Dried Fruits, Crunchy|$33.99|$5.06/oz|18646324978
grapes|Marketside Fresh Mixed Seedless Grapes, 10 oz|$3.67|$0.367/oz|19123265504
grapes|bettergoods Sour Coated Frozen Grapes, 8 oz|$5.42|$0.678/oz|15890516161
grapes|Marketside Fresh Grape Berry Duo, 14 oz|$4.97|$0.355/oz|19119358059
grapes|PRO2snax To The Max Red Grapes, Honey Brown Sugar Turkey Sausage Bites, Monterey Jack Cheese & Wheat Crackers, 3.95 oz.|$4.97|$1.26/oz|19068622124
iceberg lettuce|Marketside Classic Italian Salad Kit, 9 oz (Fresh)|$2.86|$0.409/oz|6721401602
iceberg lettuce|Marketside Classic Ranch Salad Kit, 9 oz (Fresh)|$2.86|$0.318/oz|6719916863
iceberg lettuce|Marketside Classic Honey Mustard Salad Kit, 9 oz (Fresh)|$2.86|$0.409/oz|6711114000
iceberg lettuce|Marketside Classic Thousand Island Salad Kit, 9 oz (Fresh)|$2.86|$0.318/oz|6711412441
carrots|Del Monte Hot Honey Flavored Sliced Carrots, Canned Vegetables, 14.5 oz. Can|$2.23|$0.154/oz|13695907978
navel oranges|Fresh Organic Oranges, 3 lb Bag|$5.97|$1.99/lb|5256904046
white bread|Artesano Original Bread, 20 oz, White Pre-sliced White Bread, Bag|$4.02|$0.201/oz|19883461746
white bread|Sola High Protein Bread, 10g Complete Protein, Non-GMO, 20oz Loaf|$6.78|$0.339/oz|15109409785
white bread|ACE Bakery® Country White Bistro Loaf Bread, Regular, Shelf-Stable, Pre-Sliced, 21 oz|$4.48|$0.213/oz|14330673853
white bread|Nature's Own Homestyle White, Non-GMO Half Loaf Bread, Sandwich Bread, 12 oz Loaf|$2.32|$0.193/oz|5328016282
white bread|Sara Lee White Bread, Half Loaf, 12 oz, Sandwich Bread, Bag|$2.38|$0.198/oz|5612356116
white bread|bettergoods Keto Friendly White Sandwich Bread, 14 oz|$5.12|$0.366/oz|5349984257
white bread|Nature's Own Hawaiian, Non-GMO Half Loaf Bread, Sandwich Bread, 12 oz Loaf|$2.32|$0.193/oz|15375405634
peanut butter|Jif Simply Creamy Peanut Butter Spread, Unsweetened, 15-oz Jar|$2.98|$0.199/oz|18903709159
peanut butter|Jif To Go Creamy Peanut Butter, 8 Cups, 1.1 oz Each|$3.14|$0.357/oz|5373017173
peanut butter|(6 pack) Peter Pan Creamy Honey Roasted Peanut Butter, Smooth, Gluten-Free, 40 oz Jar|$31.74|$0.132/oz|12592813924
peanut butter|SKIPPY Creamy Peanut Butter Blended with Plant Protein, Shelf Stable, 16 oz Plastic Jar|$3.44|$0.215/oz|6934707514
orange juice|Simply Orange Pulp-Free Orange Juice Bottle, 46 fl oz|$4.64|$0.101/fl oz|15361069045
orange juice|Tropicana Pure Premium 100% Orange Juice Original, No Pulp, No Sugar Added, 46 fl oz|$4.34|$0.094/fl oz|5512318310
orange juice|Tropicana Pure Premium 100% Orange Juice, No Pulp, Calcium and Vitamin D, 46 fl oz|$4.34|$0.094/fl oz|5352547516
orange juice|Great Value 100% Orange Juice from Concentrate, No Pulp, 89 fl oz|$6.47|$0.073/fl oz|9141610882
orange juice|Simply Orange Pulp Free Orange Juice, 76 fl oz|$7.28|$0.096/fl oz|15363908691
orange juice|Simply Orange High Pulp Orange Juice, 46 fl oz Bottle|$4.64|$0.101/fl oz|15380411828
orange juice|Probiotic Blueberry FruiChias 10ct|$7.98|$1.14/oz|19493213442
orange juice|Taste Salud Strawberry Watermelon|$9.98|$7.86/oz|10157360720
orange juice|Probiotic Strawberry FruiChias 10ct|$7.97|$1.14/oz|19431259291
orange juice|Tropicana Pure Premium 100% Orange Juice Original, Some Pulp, No Sugar Added, 46 fl oz|$4.34|$0.094/fl oz|5478658166
orange juice|Tropicana Light Orange Juice Beverage, No Pulp, 46 fl oz Bottle|$4.34|$0.094/fl oz|5478658164
orange juice|Simply Orange Juice Calcium Bottle, 76 oz bottle|$7.28|$0.096/fl oz|15370304331
orange juice|Tropicana Pure Premium 100% Orange Juice Original, No Pulp, Low Acid, 46 fl oz bottle|$4.34|$0.094/fl oz|5478658163
orange juice|PR Simply Orange Juice with Calcium, 46 fl oz Bottle|$4.64|$0.101/fl oz|15363908690
orange juice|Great Value 100% Orange Juice from Concentrate, No Pulp, Calcium, and Vitamin D, 89 fl oz|$6.47|$0.073/fl oz|9116251325
orange juice|Simply Light Pulp Free Orange Juice, 46 fl oz Bottle|$4.38|$0.095/fl oz|15352700608
orange juice|Tropicana Pure Premium 100% Orange Juice Original, No Pulp, Single Serve, 11 fl oz bottle|$2.18|$0.198/fl oz|5478608956
orange juice|Great Value 100% Orange Juice from Concentrate, No Pulp, 64 fl oz|$4.27|$0.067/fl oz|9354310353
orange juice|Tropicana 89oz Light Orange Juice, No Pulp|$8.27|$0.093/fl oz|18681862621
orange juice|Great Value 100% Orange Juice from Concentrate, No Pulp, Calcium, and Vitamin D, 64 fl oz|$4.27|$0.067/fl oz|9322116988
orange juice|Great Value 100% Orange Juice from Concentrate with Pulp, 64 fl oz|$4.27|$0.067/fl oz|9343124864
orange juice|Simply Orange High Pulp Juice Bottle, 76 oz bottle|$6.98|$0.092/fl oz|15376863866
ground coffee|Starbucks Ground Coffee, Starbucks Blonde Espresso Roast Hot or Iced Coffee,  12 oz|$11.87|$0.989/oz|17830812994
ground coffee|Dutch Bros® Vanilla Caramel Ground Flavored Coffee Inspired by Golden Eagle®, Bagged 11oz|$8.96|$0.815/oz|18568060887
ground coffee|Dutch Bros® OG Medium Roast, Ground Coffee, Bagged 11oz|$8.96|$0.815/oz|18546168846
ground coffee|Peet's Coffee Morning Roast Ground Coffee, Medium Roast, 24oz Canister|$20.96|$0.873/oz|18832350129
ground coffee|Starbucks Smoked Butterscotch Flavored Ground Coffee, 100% Arabica, 17 oz|$17.13|$1.01/oz|5093137024
ground coffee|Maxwell House Original Roast Ground Coffee, 27.5 oz Canister|$13.97|$0.508/oz|5344812220
ground coffee|The Original Donut Shop, Vanilla Sweet Cream Medium Roast Ground Coffee, Bagged 12 oz|$9.29|$0.774/oz|15891618736
ground coffee|Great Value Espresso Roast Ground Coffee, 12 oz|$6.64|$0.553/oz|15566358834
long grain white rice|(10 pack) Great Value Long Grain Enriched Rice, 32 oz|$16.78|$0.052/oz|15265362533
long grain white rice|Great Value Ready-to-Heat 90-Second Long Grain White Rice Pouch, 8.8 oz|$1.32|$0.15/oz|17343909432
long grain white rice|(3 pack) Supreme Rice White Long Grain, 5.0 LB|$8.16|$0.034/oz|15352150576
long grain white rice|(3 pack) Carolina Organic White Rice, Long Grain, Gluten-Free, Non-GMO, 2 lb Bag|$23.01|$0.24/oz|15390810600
long grain white rice|(3 pack) Doguet's Extra Fancy Enriched Long Grain Rice, 48 oz|$5.04|$0.035/oz|15382562064
spaghetti|Brami Spaghetti High Protein Pasta, 21g Protein, High Fiber, Shelf-Stable Noodles, 12 oz Box|$3.24|$0.223/oz|5170837983
spaghetti|Goodles Protein-Packed Teeny Lazeeny Mafalda Dry Pasta 8oz|$2.46|$0.308/oz|19648707419
spaghetti|(2 pack) Mueller's Pot-Sized Sodium-Free, Cholesterol-Free Spaghetti Pasta, 16 oz (Shelf-Stable)|$4.96|$0.155/oz|14771655783
spaghetti|(2 pack) Ronzoni Spaghetti Classic Pasta, Fish Free, 16 oz, Great Taste, Shelf Stable, Contains Wheat, Cardboard Box|$2.96|$0.093/oz|14758368724
spaghetti|Goodles Protein-Packed Coiled Again Dry Pasta Large Cavatappi 8oz|$2.46|$0.308/oz|19626658582
spaghetti|(4 pack) Skinner Thin Spaghetti Pasta, 12-Ounce Bag|$4.64|$0.097/oz|15942202302
spaghetti|(4 pack) Skinner 12 oz Spaghetti Pasta|$4.64|$0.097/oz|15939962291
spaghetti|bettergoods Gluten Free Spaghetti Multigrain Pasta, 12 oz|$2.48|$0.207/oz|14619460377
spaghetti|(4 pack) Brami Spaghetti High Protein Pasta, 21g Protein, High Fiber, Shelf-Stable Noodles, 12 oz Box|$12.96|$0.223/oz|5425230904
spaghetti|(2 pack) San Giorgio 16 oz Spaghetti Pasta|$2.66|$0.083/oz|14913720131
spaghetti|(2 pack) Mueller's 16 oz Spaghetti|$2.96|$0.093/oz|14773508116
spaghetti|Carbe Diem Spaghetti Pasta, 12 oz, High Fiber, Egg-Free, Dairy-Free|$3.78|$0.315/oz|13405358864
spaghetti|(2 pack) San Giorgio Thin Spaghetti, 16 Oz|$2.66|$0.083/oz|14874811141
spaghetti|(3 pack) Creamette Spaghetti, 32-Ounce Box|$8.82|$0.092/oz|15395806557
spaghetti|(2 pack) Mueller's 16 oz Thin Spaghetti|$4.96|$0.155/oz|14894669860
spaghetti|(5 pack) American Beauty 16 oz Spaghetti Pasta|$6.65|$0.083/oz|14803255409
spaghetti|(5 pack) San Giorgio 16 oz Spaghetti Pasta|$6.65|$0.083/oz|14803255990
pasta sauce marinara|Smash Kitchen USDA Organic Classic Marinara Pasta Sauce, 24 oz|$4.97|$0.207/oz|19342117518
pasta sauce marinara|Smash Kitchen USDA Organic Roasted Garlic Marinara Pasta Sauce, 24 oz|$4.97|$0.207/oz|19301922106
pasta sauce marinara|(4 pack) Francesco Rinaldi, Classic Marinara Sauce, 24 Oz, Low Fat, Gluten-Free, No Saturated Fat|$20.00|$0.208/oz|14741367107
pasta sauce marinara|The Pasta Queen Marinara Sauce, 24 oz Jar|$6.92|$0.288/oz|5113283385
pasta sauce marinara|bettergoods Authentic Italian Marinara Pasta Sauce, 24 oz|$6.57|$0.274/oz|5496420840
pasta sauce marinara|Smash Kitchen USDA Organic Spicy Marinara Pasta Sauce, 24 oz|$4.97|$0.207/oz|19312521876
pasta sauce marinara|(6 pack) Rao's Homemade Marinara Sauce, Low Carb, All-Natural Spaghetti Sauce, 32 Oz|$83.42|$0.434/oz|5373484942
pasta sauce marinara|Yo Mama's Foods Sensitive Marinara Pasta Sauce  No Onion, No Garlic, Gluten-Free, Vegan, 25 oz|$13.60|$0.544/oz|5380342142
pasta sauce marinara|Smash Kitchen USDA Organic Tomato Basil Marinara Pasta Sauce, 24 oz|$4.97|$0.207/oz|19283509075
pasta sauce marinara|(3 pack) Michael Angelo's Nonna's Secret Marinara Pasta Sauce, 24oz|$17.61|$0.245/oz|5269168821
all purpose flour|(12 pack) Great Value All-Purpose Enriched Bleached Flour, 2 lb Bag|$19.71|$0.051/oz|15260664136
all purpose flour|(4 pack) Great Value All-Purpose Unbleached Wheat Flour, 5 lb Bag|$9.23|$0.029/oz|18903754084
granulated sugar|(4 pack) Great Value Sugar Cannister, 20 oz|$8.48|$0.106/oz|15377270881
granulated sugar|C&H Pure Cane Ultrafine Granulated Baker's Sugar 3.5 lb Tub|$5.97|$0.107/oz|13155674081
granulated sugar|(4 pack) Domino Pure Cane Granulated Golden Sugar, 1.75 lb|$10.68|$0.095/oz|15359769780
granulated sugar|Domino Pure Cane Ultrafine Granulated Baker's Sugar 3.5 lb Tub|$5.98|$0.107/oz|13193212264
granulated sugar|(5 pack) Domino Pure Cane Granulated Golden Sugar, 3.5 lb|$14.40|$0.051/oz|15383607595
cereal|Kellogg's Special K Protein Banana Nut Bread Breakfast Cereal, 10g Protein and 6g Fiber, Family Size, 17.3  oz|$4.98|$0.288/oz|18669200818
cereal|Kellogg's Frosted Mini-Wheats Blueberry Muffin Breakfast Cereal, 48g Whole Grain, Family Size, 20  oz|$4.98|$0.249/oz|5326113889
cereal|Honey Nut Cheerios, Heart Healthy Gluten Free Breakfast Cereal, Mega Size, 27.2 oz|$5.97|$0.219/oz|5346489522
cereal|Cinnamon Toast Crunch Breakfast Cereal, Crispy Cinnamon Cereal, Mega Size, 27 oz|$5.97|$0.221/oz|5471405855
cereal|Kellogg's Frosted Flakes Original Breakfast Cereal, Fat Free, 12  oz|$3.98|$0.332/oz|5014113090
cereal|Kellogg's Apple Jacks Original Breakfast Cereal, 15g Whole Grains, 8.9  oz|$3.98|$0.447/oz|5040933096
cereal|Kellogg's Raisin Bran Original Breakfast Cereal, High Fiber, Mega Size, 29.5  oz|$6.38|$0.216/oz|5296929263
cereal|Kellogg's Raisin Bran Protein Touch of Cinnamon Breakfast Cereal, Family Size, 17.3  oz|$4.98|$0.288/oz|18639623937
cereal|Honey Bunches of Oats Honey Roasted Breakfast Cereal Bag with Oats and Granola Clusters, 32 oz Bag|$6.77|$0.212/oz|5053950241
cereal|Kellogg's Froot Loops Original Breakfast Cereal, Good Source of Fiber, 8.9  oz|$3.98|$0.447/oz|5059520287
cereal|Kellogg's Special K Chocolatey Delight Breakfast Cereal, Good Source of Fiber, Family Size, 16.3  oz|$4.98|$0.306/oz|5320852942
cereal|Cheerios Protein Cereal, Strawberry, 8g Protein, Family Size, 15 oz|$4.97|$0.331/oz|10438370323
flour tortillas|La Banderita Organic 8 Inch Flour Tortillas 6 Count|$3.17|$0.334/oz|17798156265
flour tortillas|La Banderita Organic 6" Flour Tortillas 10 Count|$3.67|$0.328/oz|17759208897
flour tortillas|Marketside Authentic 6 Ingredient Flour Tortillas, Soft Taco, 8 Count|$2.48|$0.2/oz|5129928605
flour tortillas|Marketside Authentic 6 Ingredient Flour Tortillas, Street Taco, 10 Count|$2.24|$0.246/oz|5129928606
flour tortillas|Mission Zero Net Carbs Original Flour Tortillas, Soft Taco Size, 8 Count|$5.34|$0.473/oz|8241501085
flour tortillas|Guerrero Sonora Style Flour Tortillas, Soft Taco Size, 10 Count|$2.77|$0.19/oz|14964753429
ketchup|Smash Kitchen Organic Tomato Ketchup, 20 oz Bottle|$3.98|$0.199/oz|11173210440
ketchup|(12 pack) Great Value Tomato Ketchup, 32 oz, Gluten Free, Allergy Friendly|$22.53|$0.059/oz|15237374158
ketchup|Heinz Simply Tomato Ketchup With All Natural Ingredients Inverted Squeeze Bottle, 1 Bottle, for Easy Sharing and Easy Serving, No High-Fructose Corn Syrup,13.5 oz|$3.78|$0.28/oz|18898469160
ketchup|Heinz Tomato Ketchup with Pickle Seasoning, 13.5 oz Bottle|$3.78|$0.28/oz|5119207192
ketchup|Smash Kitchen Organic Hot Honey Ketchup, 15 oz Bottle|$3.97|$0.265/oz|11167302005
ketchup|True Made Foods No Sugar Added Ketchup, 18.5oz Squeeze Bottle|$5.78|$0.312/oz|5539198378
ketchup|(12 pack) Great Value Tomato Ketchup, 38 oz|$22.05|$0.048/oz|17062754882
ketchup|Heinz Simply Tomato Ketchup with No Artificial Sweeteners, 19 oz Bottle|$4.48|$0.236/oz|5134048801
ketchup|Smash Kitchen Organic Tomato Ketchup, 15 oz Bottle|$2.98|$0.199/oz|11165715295
ketchup|Heinz Tomato Ketchup, 14 oz Bottle|$5.23|$0.374/fl oz|19369320029
mayonnaise|Smash Kitchen Organic Real Mayonnaise, 16 fl oz Jar|$4.98|$0.311/fl oz|11153263643
mayonnaise|Kewpie Mayonnaise, 15.72 fl oz|$5.26|$0.335/fl oz|15040600512
frozen pizza|DiGiorno Frozen Pizza, Hawaiian Style Rising Crust, Canadian Bacon and Pineapple, 26.5 oz (Frozen)|$5.97|$0.225/oz|5466074915
frozen pizza|DiGiorno Frozen Pizza, Loaded Thin Crust Personal Size Carnivore Pizza, 7.2 oz (Frozen)|$3.97|$0.551/oz|19667722244
frozen pizza|DiGiorno Frozen Pizza Rising Crust Ultimate Pepperoni With Cheese 24.7 oz|$5.97|$0.242/oz|5328327386
frozen pizza|DiGiorno Stuffed Crust Meatball Pizza, Frozen Pizza. 23.1 oz. Contains Milk. (Frozen)|$8.47|$0.367/oz|19668704190
frozen pizza|DiGiorno Frozen Pizza, Rising Crust Four Cheese, 24.6 oz (Frozen)|$5.97|$0.243/oz|5461555500
frozen pizza|DiGiorno Frozen Pizza, Rising Crust Three Meat with Cheese, 27.1 oz (Frozen)|$5.97|$0.22/oz|5332699213
frozen pizza|Red Baron Pepperoni Stuffed Crust Frozen Pizza, 22.75 oz|$7.47|$0.328/oz|15144200978
vanilla ice cream|Rice Krispies Treats Original Ice Cream Sandwiches, 3.7 fl oz., 3 pack (Frozen)|$6.87|$0.573/fl oz|18982758705
vanilla ice cream|Blue Bunny Soft Chocolate Vanilla Frozen Dessert, 16 fl oz Pint|$2.97|$0.186/fl oz|5041582925
vanilla ice cream|bettergoods Double Vanilla Premium Ice Cream, 16 fl oz|$3.44|$0.215/fl oz|5212491125
vanilla ice cream|Nostalgia 2-Quart Homemade Premium Vanilla Crème Ice Cream Mix, 8 oz|$3.88|$0.485/oz|15225612613
arm and hammer detergent|ARM & HAMMER Plus OxiClean with Odor Blasters Liquid Laundry Detergent, Fresh Burst, 96.2 Fl Oz|$8.97|$0.093/fl oz|17921766722
arm and hammer detergent|ARM & HAMMER Baking Soda Fresh Liquid Laundry Detergent, 110 Fl Oz 110 Loads|$8.97|$0.082/fl oz|17874512000
arm and hammer detergent|ARM & HAMMER Plus OxiClean Ultra Stain Fighters Liquid Laundry Detergent, Stain Remover for Clothes, Clean Meadow, 74 Loads, 96.2 fl oz|$8.97|$0.093/fl oz|17944674318
arm and hammer detergent|ARM & HAMMER Plus OxiClean Ultra Stain Fighters Liquid Laundry Detergent, Fresh Scent, 96.2 Fl Oz|$8.97|$0.093/fl oz|17987863392
arm and hammer detergent|Gain Laundry Detergent Liquid, Now with Odor Defense, Original Scent, 132 fl oz, 100 Loads|$15.94|$0.121/fl oz|18873019539
arm and hammer detergent|ARM & HAMMER Clean Burst Liquid Laundry Detergent, 110 Loads, 110 fl oz|$8.97|$0.082/fl oz|17308602413
arm and hammer detergent|ARM &HAMMER Laundry Detergent Liquid, Clean Burst, 10 Extra Loads, 43 fl oz, 43 Loads|$3.84|$0.089/fl oz|17295617475
arm and hammer detergent|ARM & HAMMER Powerfully Clean Liquid Laundry Detergent Soap, Clean Burst, 200 fl oz, 200 Loads|$29.99|$0.15/fl oz|5250372526
arm and hammer detergent|ARM & HAMMER Laundry Detergent Liquid, Clean Burst, 4 Extra Loads, 174 fl oz, 174 Loads|$13.99|$0.08/fl oz|17328815355
paper towels|Viva Signature Cloth Paper Towels, 6 Double Rolls, 86 Sheets per Roll|$10.98|$2.13/100 ct|14707971816
paper towels|Bounty Paper Towels Select-a-Size, 6 Triple Rolls|$16.94|$2.30/100 ct|14580219389
paper towels|Bounty Essentials Paper Towels Select-A-Size 6 Double Rolls, White, 108 Sheets Per Roll|$7.97|$1.23/100 ct|5308263928
paper towels|Scott Paper Towels, Choose-A-Sheet, 12 Double Rolls|$11.98|$0.924/100 ct|8888501886
paper towels|Bounty Paper Towels Select-A-Size White, 6 Mega Rolls, 164 Sheets per Roll|$22.46|$2.28/100 ct|14580319069
paper towels|Brawny Tear-A-Square 3-Ply Paper Towels, 2 Triple Rolls, 114 Sheets per Roll|$5.97|$2.62/100 ct|12322822867
paper towels|Brawny Tear-A-Square 3-Ply Paper Towels, 12 Double Rolls, 76 Sheets per Roll|$19.97|$2.19/100 ct|12868367090
paper towels|Sparkle Pick-a-Size Paper Towels, Limited Edition Summer Design, 2 Double Roll|$3.38|$1.54/100 ct|19231269836
paper towels|Great Value Everyday Strong Paper Towels, 2 Double Rolls|$2.67|$1.21/100 ct|10762707702
paper towels|Viva Signature Cloth Paper Towels, 8 Triple Rolls, 129 Sheets per Roll|$19.87|$1.93/100 ct|14712400743
paper towels|Scott Paper Towels Choose-A-Sheet 6 Double Rolls|$6.84|$1.06/100 ct|8886020987
paper towels|Sparkle Tear-A-Square Paper Towels, 8 Double Rolls, 110 Sheets per Roll|$9.98|$1.13/100 ct|19271914632
paper towels|Great Value Everyday Strong Paper Towels, 6 Triple Rolls, Split Sheets|$8.12|$0.82/100 ct|10977767707
paper towels|Bounty Paper Towels Select-A-Size White, 10 Triple Rolls, 123 Sheets Per Roll|$27.66|$2.25/100 ct|14628565544
paper towels|Bounty Paper Towels Select-A-Size White, 1 Mega Roll, 164 Sheets per Roll|$4.98|$3.04/100 ct|14584700255
paper towels|Brawny Tear-A-Square 3-Ply Paper Towels, 6 Double Rolls, 76 Sheets per Roll|$10.58|$2.32/100 ct|12363203447
paper towels|Viva Signature Cloth Paper Towels, 2 Triple Rolls, 129 Sheets per Roll|$6.52|$2.53/100 ct|14722354907
paper towels|Bounty Paper Towels Select-A-Size White, 12 Double Rolls, 82 Sheets per Roll|$22.46|$2.28/100 ct|14584700257
paper towels|Bounty Paper Towels Select-A-Size Print, 2 Triple Rolls, 123 Sheets per Roll|$6.97|$2.83/100 ct|14615506452
paper towels|Bounty Paper Towels Select-A-Size Print, 6 Double Rolls, 82 Sheets Per Roll|$14.96|$3.04/100 ct|15415303006
paper towels|Bounty Paper Towels Full Sheet White, 6 Triple Rolls, 75 Sheets per Roll|$16.94|$3.76/100 ct|14628465745
paper towels|Scott Choose-a-Sheet Paper Towels, 6 Double Rolls|$13.00|$2.17/100 ct|5129236035
paper towels|Bounty Paper Towels Select-a-Size, 6 Double Rolls|$23.99|$4.88/100 ct|14971320354
toilet paper|Scott ComfortPlus Toilet Paper, 12 Mega Rolls|$8.47|$0.228/100 ct|14944866035
toilet paper|Charmin Ultra Strong Toilet Paper 12 Mega Rolls, 220 Sheets Per Roll|$14.97|$0.567/100 ct|6334521988
toilet paper|Charmin Toilet Paper Ultra Soft, 12 Mega XL Rolls|$19.96|$0.533/100 ct|17126567036
toilet paper|Charmin Ultra Soft Toilet Paper, 12 Mega Rolls, 2-Ply Bath Tissue|$14.97|$0.6/100 ct|17077816413
toilet paper|Charmin Ultra Soft Toilet Paper, 12 Mega XXL Rolls, 2-Ply Bath Tissue|$26.48|$0.53/100 ct|17204322059
toilet paper|Great Value Toilet Paper, 1000 Sheets per Roll, 12 Rolls|$9.48|$0.079/100 ct|15110314418
toilet paper|Charmin Toilet Paper Ultra Soft, 6 Mega Rolls|$7.97|$0.639/100 ct|17103072593
toilet paper|Charmin Ultra Strong Toilet Paper 6 Mega Rolls, 220 Sheets Per Roll|$7.97|$0.604/100 ct|6340416223
toilet paper|Charmin Ultra Soft Toilet Paper, Forever Roll Starter Kit, 1 Holder, 2 Rolls, 2-Ply Bath Tissue|$29.97|$2997.00/100 ct|17232512672
toilet paper|Scott ComfortPlus Toilet Paper with Soft Lavender Scented Tube, 12 Mega Rolls|$8.47|$0.228/100 ct|15218420326
hot dogs|Grill Mates Hamburger Seasoning, 5.47 oz Bottle|$3.84|$0.702/oz|18840567565
hot dogs|Great Value 100% Beef Frank Hot Dogs, 15 oz, 10 Count Pack|$4.86|$0.324/oz|17549958408
hot dogs|Oscar Mayer Bun-Length Beef and Pork Franks Hot Dogs, 8 Count Pack|$4.48|$0.299/oz|19450016498
hot dogs|Applegate Antibiotic Free Pork & Beef Hot Dog, 130 Cals, 10oz (Refrigerated)|$4.97|$0.497/oz|19519661260
hot dogs|Nathan's Grass-Fed Beef Franks 10 oz|$5.97|$0.597/oz|19494516646
hot dogs|Great Value Hot Dogs, 16 oz, 10 Count (Refrigerated)|$2.67|$0.167/oz|17460903499
sliced deli ham|Hillshire Reserve Applewood Smoked Ham, All Natural Lunch Meat, 7 oz|$6.26|$0.894/oz|18969517202
sliced deli ham|Smithfield Prime Fresh Black Forest Ham, Deli Sliced Ham, 16 oz|$6.48|$0.405/oz|17349954937
sliced deli ham|Hillshire Reserve Maple Smoked Ham, All Natural Lunch Meat, 7 oz|$6.26|$0.894/oz|18930174369
sliced deli ham|Smithfield Prime Fresh Honey Ham, 16oz|$6.48|$0.405/oz|9394820204
salmon fillet|Marketside Wild Caught Skin-On Alaska Sockeye Salmon Fillets, 12 oz (Frozen)|$12.96|$1.08/oz|17295607905
salmon fillet|Marketside Fresh Coho Salmon Skin-On Fillet, .95-1.05 lb|$7.71|$8.97/lb|9179862572
salmon fillet|Marketside Antibiotic Free Skinless Atlantic Salmon Fillet, 0.95 - 1.2 lb|$12.15|$13.97/lb|5950104857
salmon fillet|Marketside Blackened Atlantic Salmon, 1 lb Bag (Frozen)|$12.26|$12.26/lb|5258440317
salmon fillet|Marketside Fresh Blackened Atlantic Salmon, 0.95-1.05 lb|$12.01|$13.97/lb|16082213361